Rank,Name,Active,Visits,Favourites,Likes,Dislikes,Rating
#1,Blox Fruits,"609,660","40,127,518,742","13,356,130","8,332,792","653,335",92.73
#2,Brookhaven üè°RP,"546,496","54,569,495,338","21,943,439","6,020,356","938,856",86.51
#3,Dress To Impress ‚ú® [UPDATE],"416,220","3,097,987,877","2,753,018","1,700,804","153,773",91.71
#4,[UPDATE 0.5] Anime Vanguards,"265,006","332,177,194","496,224","1,351,837","43,042",96.91
#5,The Strongest Battlegrounds,"200,776","8,156,574,581","3,989,102","2,787,763","533,160",83.95
#6,Murder Mystery 2,"188,474","17,792,195,803","19,123,155","7,865,862","770,850",91.07
#7,[üß¨UPDATE] Anime Defenders,"132,030","2,697,936,387","667,306","1,900,798","56,833",97.1
#8,üéüÔ∏èDandy's World [ALPHA],"102,196","244,021,931","269,385","147,155","12,206",92.34
#9,[üí•DRILL EVENT] Toilet Tower Defense,"93,756","4,903,263,056","1,065,079","1,088,995","157,600",87.36
#10,Berry Avenue üè† RP,"84,265","4,316,507,601","2,260,729","660,763","96,629",87.24
#11,Adopt Me! ,"83,542","37,451,239,007","26,948,113","7,283,004","1,436,060",83.53
#12,RIVALS,"79,033","837,023,293","10,283,388","2,271,776","95,527",95.96
#13,[TEN SHADOWS] Jujutsu Shenanigans,"73,172","814,407,259","872,361","678,287","120,794",84.88
#14,[FLOOR 2] DOORS üëÅÔ∏è,"72,220","5,531,925,327","6,592,162","3,808,596","281,031",93.13
#15,Pet Simulator 99! üåç,"69,497","1,480,369,895","1,445,939","2,540,447","103,076",96.1
#16,Evade,"62,239","5,030,871,686","5,232,062","2,050,995","120,892",94.43
#17,Bee Swarm Simulator,"57,370","2,947,507,130","5,943,065","2,303,719","123,102",94.93
#18,[UPD] Blade Ball,"51,930","4,372,228,342","9,796,578","6,389,968","436,952",93.6
#19, Sol's RNG [Era 9],"49,379","733,893,439","622,210","721,515","97,971",88.04
#20,LifeTogether üè† RP (UPDATE 29),"46,533","1,018,943,385","2,829,053","389,255","30,652",92.7
#21,Five Nights TD [SEASON] ,"45,146","282,065,942","208,344","171,589","13,618",92.65
#22,BedWars [ü™Ç ROYALE],"43,221","9,637,211,099","4,192,819","2,169,590","458,754",82.55
#23,[MASTERED ULT] Heroes Battlegrounds,"42,138","531,613,851","772,938","457,257","89,005",83.71
#24,[UPDATE 4] Meme Sea,"40,701","349,604,310","262,682","268,684","19,429",93.26
#25,[CLUB‚ú®] Baddies üíÖ,"40,637","333,133,499","5,220,139","85,414","31,950",72.78
#26,[MYTHICAL WOLF] Fruit Battlegrounds,"39,929","574,892,825","749,392","765,353","98,566",88.59
#27,Catalog Avatar Creator,"38,436","2,757,565,122","3,366,332","1,349,905","121,202",91.76
#28,Welcome to Bloxburg,"35,741","8,938,868,570","13,537,152","5,287,851","713,999",88.1
#29,ü•≥Flee the Facilityüè∞,"34,903","4,569,045,868","8,898,692","2,318,440","199,860",92.06
#30,üìú Creatures of Sonaria üíö Survive Kaiju Animals,"33,551","940,104,597","3,277,507","661,730","71,131",90.29
#31,Deepwoken [1B+ VISITS SALE],"27,812","1,003,653,322","763,353","322,962","43,455",88.14
#32,[FREE TEST] Sorcery,"26,186","3,706,360","55,149","15,256","4,317",77.94
#33,Build A Boat For Treasure,"25,954","4,043,473,788","7,605,187","3,028,238","225,395",93.07
#34,Metro Life üèôÔ∏è City RP,"25,049","955,927,778","22,158,147","167,659","24,675",87.17
#35, Piggy [BUILD MODE UPDATE],"24,798","13,059,601,742","11,653,785","3,600,396","404,069",89.91
#36,[2X] NFL Universe Football,"24,699","272,455,289","393,573","189,539","21,720",89.72
#37,Racehaven üè°RP üíé FREE VIP,"24,680","9,507,937","669,525","2,942",778,79.09
#38,[MAJOR‚ö°UPDATE] Slap Battlesüëè,"24,045","2,319,670,254","2,173,386","1,412,939","239,722",85.49
#39,[x4 + Limited Extend] Anime Last Stand,"24,019","440,270,040","261,372","298,934","22,938",92.87
#40,Fling Things and People,"23,744","1,106,447,765","1,614,794","507,979","149,632",77.25
#41,[UPGRADE] BARRY'S PRISON RUN! (OBBY),"22,559","2,711,839,024","1,176,200","273,220","196,104",58.22
#42,3008 [2.73],"20,606","2,317,236,231","4,796,467","1,634,197","150,935",91.54
#43,[SOUL MANIPULATOR] Sorcerer Battlegrounds,"20,257","351,022,145","572,757","330,845","82,462",80.05
#44,Gacha Online ‚ú® RP  [ üî• SLAY THE RUNWAY üî•],"19,986","2,473,451,473","2,427,956","567,819","184,623",75.46
#45,[LIMITED] Driving Empire üèéÔ∏è Car Racing,"19,666","1,542,903,946","12,598,877","1,537,677","110,243",93.31
#46,Gym League,"19,571","336,909,535","3,758,568","945,615","23,639",97.56
#47,Jailbreak üçÅ,"19,454","7,080,771,693","18,250,939","5,517,995","767,119",87.79
#48,Livetopiaüõí Renovated Supermarket,"19,366","4,666,291,583","26,038,452","1,249,782","135,809",90.2
#49,Murderers VS Sheriffs Duels,"18,899","1,012,852,546","652,904","288,595","54,001",84.24
#50,[UPDATE 6] King Legacy,"18,469","3,122,377,276","2,267,756","1,323,223","134,612",90.77
#51,PLS DONATE üí∏,"18,288","2,742,406,571","3,013,584","2,218,022","168,129",92.95
#52,[GHOST SHINOBI + DIO MOVES] Realm Rampage,"18,258","138,793,259","465,809","263,423","49,791",84.1
#53,[2X +‚ö°SUPER] Sonic Speed Simulator,"17,100","1,022,035,449","2,054,625","1,403,738","109,739",92.75
#54,[üëØFriends Trainer]Gym Star Simulator,"16,402","25,469,409","38,217","32,209","2,153",93.73
#55,üíÄBOSS REWORKüíÄ  Tower Defense Simulator,"16,162","3,562,780,169","3,071,617","1,575,047","103,031",93.86
#56,[EVOLUTIONS] Anime Card Battle,"15,958","52,008,798","60,307","66,368","5,257",92.66
#57,Shindo Life [238],"15,263","2,463,462,283","2,925,555","2,031,175","138,007",93.64
#58,Pressure,"14,985","158,025,426","977,674","398,066","21,662",94.84
#59,Death Ball,"14,927","768,260,104","1,029,101","2,069,713","74,420",96.53
#60,[F-18 Hornet] War Tycoon,"14,911","541,667,191","2,260,210","732,129","69,635",91.31
#61,[UPD] Death Row üíÄ,"14,789","13,993,293","53,539","52,965","14,176",78.89
#62,Football Fusion 2,"13,909","1,263,187,970","814,450","560,262","113,063",83.21
#63,DON'T GET ELIMINATED,"13,751","97,936,036","208,603","92,708","22,494",80.47
#64,EVENTüßü Horse Life üêé,"13,692","89,610,898","1,159,952","264,250","7,955",97.08
#65,a dusty trip [üê™NEW WORLD],"13,457","1,044,140,397","1,188,453","1,466,862","133,256",91.67
#66,Pillar Chase 2,"13,454","52,938,388","308,985","100,526","13,944",87.82
#67,NEWüåã Dragon Adventures üêâ Fantasy Pets ‚ú®,"13,299","982,260,590","6,007,292","715,967","61,674",92.07
#68,[BOOST] untitled boxing gameü•ä,"13,241","633,484,875","767,180","704,443","114,748",85.99
#69,Secret Staycation,"12,799","358,085,838","488,176","141,189","23,482",85.74
#70,Rainbow Friends,"12,695","3,700,548,110","3,172,669","1,301,879","276,404",82.49
#71,Speed Draw!,"12,671","1,182,453,895","1,461,437","367,890","54,493",87.1
#72,Escape Running Head,"12,592","2,116,862,405","1,609,065","248,022","76,349",76.46
#73,üî™Survive the Killer!,"12,439","2,159,507,390","3,795,077","866,013","97,147",89.91
#74,Regretevator [ ELEVATOR SIMULATOR ],"12,160","103,228,396","569,634","212,512","20,583",91.17
#75,[UPD] Duck Army!,"11,836","11,511,990","39,744","78,473","2,224",97.24
#76,[GKüß§] Super League Soccer,"11,452","561,611,060","437,826","205,015","43,563",82.48
#77,Arm Wrestle Simulator,"11,345","1,007,662,744","884,951","1,143,154","57,387",95.22
#78,Elemental Powers Tycoon,"11,299","631,551,757","1,704,121","212,680","25,713",89.21
#79,Barbie DreamHouse Tycoon,"11,155","302,098,119","396,931","63,033","7,871",88.9
#80,[üï∞Ô∏è Event] Skibidi Tower Defense,"11,096","509,974,398","1,804,321","401,208","28,844",93.29
#81,[üéÇ] item asylum ,"11,078","411,468,425","1,010,886","412,861","61,832",86.97
#82,Tower of Hell,"11,026","23,860,213,308","11,155,319","3,850,832","1,344,205",74.13
#83,üçïWork at a Pizza Place,"10,928","4,899,073,970","12,467,485","3,062,015","243,277",92.64
#84,Gunfight Arena | EVENT,"10,807","488,132,031","1,067,831","419,814","55,481",88.33
#85,Natural Disaster Survival,"10,716","3,124,229,076","10,577,915","3,708,897","379,105",90.73
#86,Spider,"10,697","2,411,474,174","2,558,207","523,255","199,294",72.42
#87,Royaleüè∞High [Update!],"10,647","9,976,830,879","13,213,399","3,163,534","484,772",86.71
#88,[1BüèÜ] Emergency Response: Liberty County,"10,538","1,003,415,250","2,472,841","950,595","92,028",91.17
#89,Color or Die üé®,"10,265","652,011,578","1,106,448","1,171,534","117,376",90.89
#90,[BAI BAI] Vayhood hangout,"10,208","71,713,176","102,091","17,942","3,968",81.89
#91,[QUESTS! üßô‚Äç‚ôÇÔ∏è] fight in a school,"9,921","97,514,857","220,748","101,586","27,543",78.67
#92,[24H X2 EVENTüéâ] Devas Of Creation,"9,879","16,766,707","222,404","107,051","10,829",90.81
#93,üöó LIMITED! Car Dealership Tycoon,"9,879","2,027,713,992","3,054,690","1,343,777","100,434",93.05
#94,Bathroom Line Simulator,"9,666","24,842,377","809,375","68,481","22,228",75.5
#95,[2X] üèÄBasketball LegendsüèÄ,"9,540","330,046,838","342,508","226,762","49,041",82.22
#96,Eat the World,"9,462","235,205,787","13,989,131","568,091","33,013",94.51
#97,Bayside High School üçé,"9,400","409,344,879","457,349","144,427","20,733",87.45
#98,[üêâ AWAKENED DRAGON TALON + üìàüöÄx8] ONE FRUIT,"9,334","183,625,705","252,030","318,112","16,071",95.19
#99,untitled tag game [recode] ,"9,322","153,140,851","419,452","302,486","28,114",91.5
#100,Twilight Daycare ‚ú®,"9,247","2,298,855,925","1,960,119","746,794","91,805",89.05
#101,Reborn As Swordsman,"9,042","39,727,923","1,000,527","136,154","4,448",96.84
#102,MAKE EVERYONE BALD TYCOON [HARDCORE üò§],"8,978","2,598,359","19,663","33,103",996,97.08
#103,üòà TRAITOR!,"8,960","8,339,933","537,775","5,118",908,84.93
#104,The Floor Is LAVA! üî•,"8,785","2,558,122,487","3,292,294","695,621","229,449",75.2
#105,Combat Warriors,"8,665","1,150,339,195","2,207,356","1,245,591","230,627",84.38
#106,[UPDATE 1.58] Your Bizarre Adventure ,"8,622","1,958,462,118","1,857,935","1,329,501","160,187",89.25
#107,[üëëMM2] Murderers Vs Sheriffs!,"8,620","12,930,093","535,415","2,024",796,71.77
#108,Arsenal,"8,466","5,574,573,484","11,160,634","4,894,952","620,606",88.75
#109,üí™Muscle Legends,"8,390","1,820,370,849","2,340,527","890,145","130,144",87.24
#110,Untitled Fling Game [üî•Early Access],"8,248","28,293,149","46,992","14,088","4,269",76.74
#111,"(CARS, TRAILERS, WATERPARK + MORE!) Greenville","8,200","1,016,744,241","2,294,883","801,206","125,210",86.48
#112,Hide and Seek Extreme,"7,921","2,881,941,772","6,429,582","878,037","85,987",91.08
#113,Together [Party Game],"7,800","203,144,661","706,008","80,279","15,177",84.1
#114,[W46] Obby But You‚Äôre On a Bike,"7,782","1,377,584,391","5,534,672","764,098","233,071",76.63
#115,MIC UP üîä,"7,776","452,132,503","623,959","295,549","57,572",83.7
#116,Restaurant Tycoon 2,"7,644","1,365,934,095","3,894,498","1,190,076","91,835",92.84
#117,[CHOSO & HOL HORSE] ABA,"7,643","946,917,968","928,154","447,927","99,515",81.82
#118,Theme Park Tycoon 2,"7,625","1,325,609,665","5,771,427","1,898,989","244,295",88.6
#119,[‚ú®] MM2 Aim Trainer,"7,563","478,292,985","11,757,892","184,030","26,301",87.5
#120,Feather Family [Chickadee + Jay],"7,531","950,168,783","1,902,261","356,983","30,852",92.05
#121,Realistic Street Soccer (3 on 3),"7,487","326,686,849","204,330","111,420","25,169",81.57
#122,Ultimate Battlegrounds,"7,402","163,242,806","326,482","187,475","39,191",82.71
#123,Mega Mansion Tycoon üå¥,"7,386","1,079,141,963","1,541,520","749,400","40,844",94.83
#124,üé•My Movie,"7,196","171,060,151","427,542","159,907","14,539",91.67
#125,Southwest Florida Beta,"7,143","613,006,816","1,635,247","624,397","70,188",89.89
#126,[PAGANI] Vehicle Legends üèéÔ∏è CARS!,"7,035","1,522,245,674","2,253,272","1,016,883","70,004",93.56
#127,üéìUNIVERSITY! üéì Club Robloxüè°,"7,009","2,582,075,930","3,265,881","867,398","86,127",90.97
#128,Death Penalty,"6,843","73,764,840","364,935","78,330","12,605",86.14
#129,üéà[HUGE]üéàAmerican Plains Mudding,"6,841","138,202,268","202,667","70,436","14,189",83.23
#130,[ü¶áSUPER HERO EVENT]Triathlon Star Simulator,"6,839","2,305,504","4,336","1,527",164,90.3
#131,Break In (Story),"6,812","2,516,774,971","3,850,876","1,000,809","108,154",90.25
#132,Guts & Blackpowder,"6,716","144,601,757","557,062","217,810","13,227",94.27
#133,Spray Paint!,"6,650","1,110,569,465","1,893,914","452,268","93,093",82.93
#134,üî•[SAVIOR] Dragon Soul | Anime Adventure üê≤,"6,594","102,153,038","453,993","287,836","13,858",95.41
#135,Da Hood,"6,575","2,646,360,019","2,965,099","1,232,117","511,246",70.67
#136,üòà Mystery Killer,"6,523","2,966,341","330,535","1,228",490,71.48
#137,Break In 2 (Story),"6,412","596,353,144","607,139","247,460","38,730",86.47
#138,Underground War 2.0 ‚öîÔ∏è [NUKE],"6,396","502,471,642","370,516","210,700","35,713",85.51
#139,Pet Story üê∂,"6,323","366,868,820","924,382","510,964","24,675",95.39
#140,Redcliff City üè°RP,"6,316","819,456,867","793,699","174,614","25,373",87.31
#141,[W12] Skateboard Obby,"6,239","166,893,505","711,383","110,870","20,081",84.67
#142,Build with Friends,"6,212","1,219,659","70,171","2,280",134,94.45
#143,[NEW]Keys üóùÔ∏è Season 19,"6,088","262,769,372","8,718,770","75,256","8,384",89.98
#144,Warrior Cats: Ultimate Edition,"6,038","530,942,762","1,201,630","386,196","29,221",92.97
#145,Boxing Beta! ü•ä,"6,009","602,463,645","893,439","251,319","55,850",81.82
#146,üé≤Character RNG,"6,006","32,751,650","62,946","62,863","5,648",91.76
#147,Highland Park üè°RP [Apartments],"5,980","42,517,570","3,219,308","38,960","3,019",92.81
#148,Find Buttons!üîç,"5,971","9,231,300","143,149","18,519","1,095",94.42
#149,[‚öæÔ∏éBaseball] Tongue Battles,"5,967","116,068,350","200,581","360,466","26,174",93.23
#150,Neighbors üîä,"5,952","261,447,692","425,769","110,705","13,831",88.89
#151,[üßªEVENT]Skibidi Toilet Battle,"5,948","45,798,156","659,652","56,933","2,536",95.74
#152,[‚≠êPIKA V2] Grand Piece Online,"5,835","992,344,953","1,416,189","974,288","106,440",90.15
#153,Seaside RPüè°üå¥ New Luxury house!! ,"5,827","195,344,334","6,855,286","33,645","3,661",90.19
#154,My Little Pony Tycoon,"5,823","4,237,839","36,561","5,280",439,92.32
#155,üíú MeepCity üíú,"5,807","16,080,310,257","14,786,479","2,854,966","482,449",85.54
#156,[UPDATE 1] Project: Afternight,"5,607","10,714,531","80,173","31,265","3,373",90.26
#157,Bike Ninja Obby [LEVEL 3],"5,599","13,970,412","5,655","1,619","1,717",48.53
#158,Peroxide,"5,551","284,299,126","555,446","349,026","34,629",90.97
#159,[ +18 Dances | GGUM] TOD,"5,508","136,109,600","212,362","66,565","6,402",91.23
#160,üçÇ Maple Hospital,"5,489","1,145,548,565","1,014,909","305,688","56,398",84.42
#161,[FREE WEEKEND] üßü Aftermath üí•,"5,486","26,919,907","440,431","102,600","21,891",82.42
#162,Hide & Sneak,"5,335","234,084,439","266,699","56,580","19,135",74.73
#163,üöÅ[HELICOPTER] Tower Defense X: BETA,"5,334","207,139,372","261,444","274,285","12,038",95.8
#164,Arcane Odyssey [EMPIRES UPDATE],"5,249","105,548,974","776,009","326,342","26,188",92.57
#165,[2X] War Machines,"5,142","181,968,960","374,327","117,463","10,796",91.58
#166,Chained [2 Player Obby],"5,075","45,658,951","765,873","36,879","2,774",93
#167,[‚ùó UPDATE 1] Attack on Titan Revolution,"5,075","151,908,065","388,040","344,304","17,890",95.06
#168,South Bronx: The Trenches‚ùó,"5,063","126,282,108","231,310","109,620","25,224",81.29
#169,Insane Elevator!,"5,030","1,122,282,804","1,273,669","202,050","33,592",85.74
#170,Grappler Swing,"5,007","37,820,591","95,025","31,370","18,911",62.39
#171,Really Easy Obby! üåà,"4,967","206,285,451","72,438","8,605","4,792",64.23
#172,[CYBERPUNK] Project Smash,"4,936","144,612,220","302,554","143,640","43,548",76.74
#173,üí™[5X] Strongman Simulator,"4,934","1,416,729,778","2,008,961","673,535","53,350",92.66
#174,Pull a Sword,"4,901","197,551,127","358,111","910,089","23,813",97.45
#175,Zombie Uprising,"4,897","1,030,287,710","3,184,072","911,852","46,983",95.1
#176,[B2 SPIRIT!] Military Tycoon ¬Æ,"4,875","747,954,121","1,723,768","1,157,948","99,502",92.09
#177,Death in the Box,"4,858","12,512,291","122,779","17,422","1,711",91.06
#178,Draw & Switch,"4,842","58,358,039","204,272","15,967","3,689",81.23
#179,Kitten Game üêæ,"4,823","250,242,386","359,254","116,029","10,471",91.72
#180,Tsunami Game,"4,807","167,692,007","483,217","103,967","26,908",79.44
#181,Pet Simulator X! üêæ,"4,786","8,807,180,231","5,998,405","4,131,301","387,202",91.43
#182,üê∏Animal Simulator,"4,784","1,272,759,383","1,693,915","342,840","69,937",83.06
#183,üí• [HALLOWEEN UPD 10] Anime Strike Simulator,"4,780","3,406,210","16,736","64,042","1,370",97.91
#184,Bloxcity RP,"4,756","28,524,426","6,785",916,"1,075",46.01
#185,Broken Bones IV - Ragdoll Sim,"4,690","1,216,128,019","4,149,658","1,305,301","174,223",88.22
#186,Youtuber Tycoon! [ELEVATOR] ,"4,690","564,063,839","630,219","221,605","35,539",86.18
#187,[M60 REVAMP] Phantom Forces,"4,684","1,618,661,374","5,853,029","2,415,143","211,626",91.94
#188,Funky Friday,"4,649","1,831,181,439","4,035,587","1,879,316","198,717",90.44
#189,Collect All Pets!,"4,635","154,651,696","274,744","107,759","8,365",92.8
#190,Build A Bridge Simulator,"4,576","24,881,101","753,902","147,877","5,357",96.5
#191, Tha Bronx 2 üíØ,"4,543","68,870,549","145,928","52,883","17,054",75.62
#192, Sonic.EXE: The disaster [1.2 PUBLIC ALPHA],"4,539","31,227,701","53,984","26,761","3,495",88.45
#193,‚òÑÔ∏èDon't Press The Button 4,"4,518","1,001,208,647","1,135,549","521,248","87,078",85.69
#194,[GLOBAL 2x!] Skibi Defense,"4,484","260,523,179","737,891","140,812","10,068",93.33
#195,The Survival Game,"4,484","223,407,512","687,244","223,697","50,842",81.48
#196,Build to Survive üõ†Ô∏è [TESTING],"4,455","37,969,935","275,803","6,610","1,397",82.55
#197,Legends Battlegrounds,"4,448","32,016,582","93,199","50,044","12,200",80.4
#198,Infectious Smile,"4,424","959,923,409","1,930,996","524,078","141,953",78.69
#199,Find The Markers (237),"4,394","790,428,728","1,240,568","373,755","82,968",81.83
#200,[üí™GEAR 5üó°Ô∏è] A Universal Time 3.7 üèä‚Äç‚ôÄÔ∏è ,"4,387","738,561,989","1,260,453","756,312","131,859",85.15
#201,EMOTIONS POLICE FAMILY PRISON RUN ESCAPE! (Obby),"4,362","16,382,711","133,643",358,482,42.62
#202,‚ö°Ninja Legends,"4,361","2,001,028,357","4,557,989","1,494,966","124,571",92.31
#203,[UPDATE + 4X] All Star Tower Defense,"4,348","7,505,834,982","2,321,710","1,428,414","128,625",91.74
#204,Color Block,"4,344","2,284,338,786","2,398,910","971,528","172,800",84.9
#205,[üî± 300] Be NPC or DIE!üí¢,"4,343","66,821,664","265,535","219,462","17,025",92.8
#206,Doodle Obby ‚úèÔ∏è,"4,339","100,784,601","110,328","23,308","14,035",62.42
#207,[üíé2X & SUMMER ] Titan Tower Defense,"4,311","50,102,837","240,622","61,565","3,592",94.49
#208,[FREE STEALTH] KJ ARENA,"4,290","29,908,236","69,088","75,722","10,658",87.66
#209,Taxi Boss üöñ,"4,253","338,910,011","806,804","378,211","25,294",93.73
#210,[NEW FRUIT]Anime Dungeon Fighters,"4,250","75,450,627","321,186","778,978","16,150",97.97
#211,‚ö°Race Clicker,"4,204","783,622,150","1,186,196","1,290,690","55,161",95.9
#212,Cheese Escape [Horror],"4,195","970,605,531","1,531,797","354,246","52,162",87.17
#213,Emergency Hamburg,"4,188","403,754,125","493,095","194,622","36,760",84.11
#214,Pixel Tower Defense,"4,156","3,299,197","49,150","18,852",770,96.08
#215,SkyWars üî•,"4,150","202,642,971","183,651","96,270","33,285",74.31
#216,Escape The Carnival of Terror Obby! ,"4,132","841,642,785","629,711","94,513","77,668",54.89
#217,‚öîÔ∏èDungeon RNG [UPD12] ,"4,115","25,635,042","548,602","280,649","6,199",97.84
#218,Flag Wars! üí• [DOUBLE XP],"4,104","573,900,439","3,095,037","410,077","50,546",89.03
#219,NewSmithüè†RP New House!,"4,099","25,901,507","358,389","23,485","1,817",92.82
#220,Build to Survive!,"4,091","639,207,196","615,697","155,136","38,753",80.01
#221,Secret Killer,"4,088","54,414,526","159,534","93,746","7,930",92.2
#222,[New Map] Weapon Fighting Simulator,"4,049","494,511,031","839,924","527,708","36,315",93.56
#223,Bloxy Bingo,"4,020","295,131,890","963,384","242,807","47,171",83.73
#224,[1.5Xüí™+ WORLD 2] Anime Simulator,"3,986","15,086,995","75,097","69,901","2,669",96.32
#225,The Mimic,"3,966","971,826,681","2,883,698","974,131","106,634",90.13
#226,Car Suspension Test,"3,961","205,748,495","2,560,248","49,821","7,928",86.27
#227,üî• BIG Paintball 2!,"3,948","149,266,945","315,357","232,384","49,195",82.53
#228,[Twinblade!] Mech Showdown (Alpha),"3,944","12,391,681","49,811","43,354","5,443",88.85
#229,Legends Of Speed ‚ö°,"3,898","1,752,060,298","3,617,375","1,011,991","96,385",91.3
#230,[LONDON] Miraculous‚Ñ¢ RP: Ladybug & Cat Noir,"3,884","759,167,400","1,084,159","202,513","35,669",85.02
#231,Clip It üòÇüé¨üëó,"3,875","91,644,632","172,618","48,568","15,208",76.15
#232,Off-Roading Epic,"3,848","113,746,889","2,257,334","85,065","9,035",90.4
#233,[2X] üèàFootball Legendsüèà,"3,801","2,151,881","3,616","2,270",413,84.61
#234,Clone Simulator,"3,798","8,547,711","1,232,988","2,375",418,85.03
#235,(üéÉSEASON 3) BAKE DA BABY,"3,793","122,896,936","3,155,128","139,281","17,004",89.12
#236,[UPD] Create a Cart Ride!,"3,763","526,261,658","386,474","397,643","63,731",86.19
#237,LOCOfficial!,"3,753","197,930,839","814,659","207,509","28,437",87.95
#238,[CRUCIFIX] DOORS TESTING üëÅÔ∏è,"3,725","6,783,382","12,308","7,639","1,547",83.16
#239,[UPD] Snowboard Obby ‚ùÑ World 7,"3,713","187,146,323","5,152,649","43,772","22,528",66.02
#240,[Wukong] Bathroom Attack,"3,705","362,664,924","1,676,339","238,108","16,005",93.7
#241,Impossible Squid Game! Glass Bridge 2,"3,698","40,691,153","39,009","26,806","2,696",90.86
#242,Pilot Training Flight Simulator,"3,682","444,940,640","1,456,647","594,481","47,610",92.59
#243,üéâ Blox Hunt | v3.0 is HERE!,"3,678","448,054,057","3,237,813","650,711","101,078",86.56
#244,FORTLINE,"3,668","41,576,949","2,797,743","7,336","2,087",77.85
#245,Silly Simon Says,"3,645","292,821,376","352,058","99,706","24,115",80.52
#246,Wild Horse Islands,"3,634","417,348,032","503,028","190,501","17,298",91.68
#247,[New Car!‚≠ê] Car Crushers 2 - Physics Simulation,"3,584","1,106,464,317","4,107,138","1,468,111","120,999",92.39
#248,Volleyball 4.2,"3,579","242,327,102","434,186","149,502","15,684",90.51
#249,[üèéÔ∏è Cars! ] Dealership Tycoon üèéÔ∏è,"3,577","54,219,001","135,136","83,651","3,728",95.73
#250,Granny: Multiplayer,"3,570","548,758,322","534,490","79,539","18,266",81.32
#251,[UPDATE] Ability Wars,"3,552","404,093,347","649,353","352,671","97,056",78.42
#252,GEF,"3,536","86,055,465","3,203,137","85,925","18,238",82.49
#253,Yeet A Friend!,"3,533","337,925,515","679,578","623,681","33,279",94.93
#254,SCP Games and SCP Monsters,"3,532","609,064,106","569,050","90,380","22,904",79.78
#255,[UPD] Cake Off!,"3,515","35,914,578","2,300,161","385,255","6,547",98.33
#256,Total Roblox Drama,"3,514","533,152,338","865,222","232,527","53,972",81.16
#257,üå¥ monkey raft üå¥,"3,502","57,427,070","184,614","30,096","4,693",86.51
#258,[UPD] Ice Fishing Simulator üêü,"3,500","10,582,614","45,127","26,421","3,486",88.34
#259,[ü´ÄOPE/BOOSTS + üìà x4] AOPG,"3,483","317,901,459","592,256","564,647","50,430",91.8
#260,Ultimate Home Tycoon üè† ,"3,458","101,483,696","278,658","314,016","6,834",97.87
#261,Push-Up Training Simulator,"3,410","24,056,742","1,125,202","115,552","3,171",97.33
#262,YOUTUBE LEGENDS,"3,398","6,934,951","24,583","13,447","1,397",90.59
#263,üåà[BACK] Grey's Murder Mystery,"3,393","9,549,661","1,012,428","11,648",922,92.67
#264,[üèéÔ∏èUPD!] Mansion Tycoon üå¥üè†,"3,379","363,760,846","784,230","505,805","14,713",97.17
#265,Teamwork Puzzles (Obby),"3,353","259,213,339","131,510","15,717","32,354",32.7
#266,Don't leave the circle!,"3,337","193,474,630","117,060","19,183","15,636",55.09
#267,Obby Creator,"3,318","426,808,496","903,276","247,478","63,909",79.48
#268,[üçÇ] Pass the Bomb!,"3,309","109,352,118","1,160,801","145,868","25,763",84.99
#269,üõíRetail Tycoon 2,"3,305","257,198,696","1,208,108","435,311","59,808",87.92
#270,üî®Plane Crazyüî® [UPDATE],"3,276","357,627,571","1,034,076","339,838","80,165",80.91
#271,Cook Burgers,"3,262","540,123,896","1,588,297","444,814","99,202",81.76
#272,[‚òÄÔ∏èüåä Summer Update] Anime World Tower Defense,"3,240","147,350,030","166,709","93,875","9,414",90.89
#273,Clone Adventure,"3,229","10,306,056","1,649,477","16,508","1,324",92.58
#274,Car Driving Indonesia,"3,221","204,007,495","272,142","86,215","19,250",81.75
#275,üå≥ Lumber Tycoon 2,"3,209","1,166,782,111","4,450,859","1,934,265","271,419",87.69
#276,Don't Shatter [2 Player Obby],"3,204","20,453,017","216,261","141,441","4,071",97.2
#277,Better Music?,"3,187","9,457,322","436,898","76,777","3,963",95.09
#278,SCP: Roleplay,"3,159","332,737,928","1,053,467","430,617","56,330",88.43
#279,Every Click +1 Speed ‚ö°,"3,156","12,322,479","1,477,116","10,663","1,013",91.32
#280,[PT3 üèúÔ∏è] World of Stands,"3,155","183,003,970","448,743","254,489","27,266",90.32
#281,[‚è∞] Dungeon Quest! ‚öîÔ∏è RPG Adventure,"3,143","2,127,567,801","4,051,844","1,054,803","95,944",91.66
#282,Survive and Kill the Killers in Area 51 !!!,"3,122","1,643,195,107","3,719,171","879,010","108,163",89.04
#283,Obby But You Have Bones,"3,104","6,873,053","20,498","6,603","8,731",43.06
#284,Investor Simulator,"3,092","1,057,366","14,538","3,926","1,674",70.11
#285,Paradise üè† RP,"3,086","283,441,669","7,668,139","114,830","11,923",90.59
#286,üö©Expedition Antarctica,"3,063","315,509,281","1,323,607","326,761","57,857",84.96
#287,[UPD] Bike of Hell,"3,061","389,778,765","1,046,125","266,182","94,486",73.8
#288,Escape Papa Pizza's Pizzeria! (SCARY OBBY),"3,030","579,006,743","415,084","78,714","92,121",46.08
#289,Cart + Car Ride into GigaNoob,"3,010","396,846,058","186,727","35,957","17,178",67.67
#290,Short Creepy Stories [NEW HORROR STORY] ,"2,967","244,629,946","1,114,080","152,897","35,502",81.16
#291,Hungry Pig,"2,964","47,283,231","44,260","12,912","2,745",82.47
#292,Drive World üèéÔ∏è Drifting & Racing ,"2,947","247,267,917","3,631,731","380,725","20,442",94.9
#293,Demon Soul Simulator,"2,941","240,284,616","947,988","391,182","26,772",93.59
#294,Field Trip Z,"2,935","1,003,869,167","1,666,806","312,399","90,099",77.62
#295,Islands üë©‚Äçüåæ,"2,929","2,234,032,272","3,369,136","1,200,867","138,260",89.68
#296,[Achievements!] Booga Booga [REBORN],"2,896","154,324,040","339,126","118,236","24,936",82.58
#297,SharkBite 2 ü¶à,"2,888","324,559,960","549,095","307,492","39,813",88.54
#298,Go Flying!,"2,885","29,907,492","37,424","59,757","1,600",97.39
#299,Public Bathroom Simulator,"2,872","13,194,968","1,353,782","3,404","6,877",33.11
#300,‚úàÔ∏èCabin Crew Simulator,"2,852","211,379,063","743,075","264,416","21,108",92.61
#301,FNAF: Coop,"2,848","123,847,449","989,044","138,282","8,648",94.11
#302,Nitro Car ,"2,834","42,359,494","2,647,360","12,028","1,735",87.39
#303,Basically FNF: Remix,"2,830","481,811,816","1,027,537","339,354","39,982",89.46
#304,[FREE ADMIN],"2,808","1,731,245,693","10,602,853","1,054,474","279,188",79.07
#305,Fat Race,"2,805","22,508,549","2,241,661","29,029","2,510",92.04
#306,Pull a Friend [2 Players],"2,801","209,097,308","477,361","47,069","22,224",67.93
#307,Shrek in The Backrooms ,"2,789","429,739,682","1,114,110","381,017","52,464",87.9
#308,[CARE BEARS!] IT GIRL üêª,"2,782","26,942,176","159,382","38,979","7,934",83.09
#309,Wacky Wizards,"2,773","884,811,812","1,961,464","573,246","60,665",90.43
#310,Stickman TD-BETA,"2,747","5,092,522","8,714","6,582",712,90.24
#311,[üëë EXTREME] Anime Dimensions Simulator,"2,743","1,325,953,216","2,680,396","1,991,931","56,666",97.23
#312,Real Futbol 24,"2,730","123,187,234","170,954","90,809","15,801",85.18
#313,[üç™UPD] Anime Training RNG,"2,711","2,827,531","144,810","34,920","1,341",96.3
#314,Fishing Simulator üêü,"2,711","436,073,430","1,724,233","698,442","65,340",91.45
#315,Team Daycare Escape! (TEAMWORK OBBY),"2,698","316,987,441","180,666","20,381","8,938",69.51
#316,Pilfering Pirates,"2,694","863,277,532","1,213,843","234,727","44,814",83.97
#317,Teamwork Puzzles 2 (Obby),"2,689","704,058,896","12,644,635","632,935","46,274",93.19
#318,[üî•UPD5]Cultivation Simulator,"2,688","2,752,928","15,368","24,646","1,331",94.88
#319,Survive 100 Days In Nuclear Shelter,"2,664","2,941,614","295,583","19,130","1,115",94.49
#320,Math Tower Race,"2,659","35,955,709","32,574","16,475","1,928",89.52
#321,[FREE VIP üíñ} Dress To Impress Obby,"2,644","1,484,165","116,679","1,011","2,033",33.21
#322,Blast Zone,"2,609","1,526,324","17,754","5,692",735,88.56
#323,"Red Light, Green Light (FIX)","2,605","963,081,981","1,592,969","375,074","99,151",79.09
#324,Super Hero Tycoon,"2,604","2,303,894,466","9,375,422","709,971","161,176",81.5
#325,Easy Obby,"2,603","1,375,687,894","1,036,744","193,699","51,933",78.86
#326,‚ùì LUCKY BLOCKS Battlegrounds,"2,583","1,573,334,543","6,333,056","711,485","258,143",73.38
#327,SCP Monsters or Trevor Creatures,"2,579","184,347,900","65,143","10,271","5,768",64.04
#328,Fantasia üëë,"2,576","241,065,930","1,722,333","153,325","14,824",91.18
#329,Giga Mansion Tycoon [UPDATE],"2,568","102,116,420","175,738","101,043","4,117",96.09
#330,Murderers vs Sheriffs 2,"2,547","61,978,379","44,310","15,659","5,556",73.81
#331,Speed Run 4 üç©üòã[UPDATE] ,"2,546","1,591,984,229","4,384,586","982,105","330,340",74.83
#332,[BYE BYE BYE] Ragdoll Engine,"2,544","242,929,290","4,539,640","157,061","30,690",83.65
#333,Chained Together [2-3-4 PLAYER],"2,537","52,872,526","247,871","21,922","8,466",72.14
#334,‚úàRED VS BLUE PLANE WARS!,"2,534","249,491,419","234,713","52,295","22,152",70.24
#335,Easy Grow Obby,"2,531","410,002,098","22,198,338","57,795","17,296",76.97
#336,World // Zero ‚öîÔ∏è Anime RPG,"2,519","357,056,682","1,937,324","802,983","43,695",94.84
#337,Rise of Nations,"2,494","227,808,152","524,408","228,856","31,986",87.74
#338,Murderers vs. Sheriffs,"2,477","746,425,995","876,199","224,828","74,180",75.19
#339,[KEYBINDS + GIFTING] Fortune Fighters,"2,473","9,846,479","39,021","78,042","5,055",93.92
#340,Build to Survive üõ†Ô∏è,"2,467","99,805,527","3,729,044","28,949","6,108",82.58
#341,[2X POINTS] The Presentation Experience,"2,466","386,905,854","1,366,166","441,136","36,017",92.45
#342,Hide and Seek,"2,462","8,309,747","20,470","1,252","1,941",39.21
#343,GREAT SCHOOL BREAKOUT! (First Person Obby),"2,460","659,502,924","346,743","80,084","77,981",50.67
#344,[Limited Free UGC]My Hello Kitty Cafe(Tycoon),"2,456","436,008,965","1,723,812","789,684","28,078",96.57
#345,TPS: Street Soccer üèÜ,"2,455","659,903,585","558,959","228,833","80,967",73.86
#346,Marvel and DC Super Heroes,"2,453","683,244,560","614,293","152,257","75,893",66.74
#347,Bendy and the ink Machine,"2,424","80,071,860","76,680","22,346","6,123",78.49
#348,The Floor is LAVA üî•,"2,415","34,704,282","5,072,820","7,294","1,568",82.31
#349,[Hanami Awaken ++] Cursed Arena,"2,413","148,107,552","265,208","156,015","37,875",80.47
#350,Draw a Blank!,"2,411","48,859,517","637,639","25,547","5,189",83.12
#351,Answer or Die,"2,400","219,553,901","3,998,179","155,304","39,769",79.61
#352,Pop It Trading ‚ú®,"2,397","720,193,777","1,931,613","193,600","46,518",80.63
#353,A Long Road - ALPHA,"2,376","12,451,287","56,479","17,540","1,843",90.49
#354,[UPD] Phantom Ball,"2,370","84,814,603","3,332,744","81,648","7,341",91.75
#355,KAT,"2,368","1,425,062,081","4,168,741","1,544,196","222,825",87.39
#356,The Chosen One,"2,368","146,244,206","132,391","76,428","19,217",79.91
#357,Scary Sushi,"2,367","57,846,408","393,913","77,182","10,058",88.47
#358,Westbound,"2,362","318,761,205","1,248,291","421,034","67,162",86.24
#359,Be an ANIME ORB!,"2,356","981,844",808,581,120,82.88
#360,Ben 10 Super Hero Time,"2,348","423,783,368","1,051,780","45,206","18,317",71.16
#361,Jujutsu Tycoon,"2,348","14,394,667","84,832","22,703","8,644",72.42
#362,üö™Find Doors Morphs [FLOOR 2],"2,344","1,501,182","219,816","3,206",355,90.03
#363,[FreeUGC]Bilberry Cityüè†RP ,"2,335","172,102,518","18,494,423","88,597","10,600",89.31
#364,[upd5.3] superbox siege defense,"2,333","128,532,150","122,219","71,592","12,115",85.53
#365,Blocks n' Props,"2,320","330,001,487","670,203","268,587","75,084",78.15
#366,[BALANCING] üèÄ RH2 The Journey - BETA,"2,305","47,017,253","152,658","72,209","11,202",86.57
#367,[Update 1.5üéÜü•∂] Project Slayers,"2,297","609,750,218","1,131,212","721,442","69,748",91.18
#368,Boss Tycoon,"2,292","2,606,570","10,349","3,472",980,77.99
#369,üç§üç£ Conveyor Sushi Restaurant,"2,291","134,430,773","642,537","209,639","11,346",94.87
#370,PET PARTY üéâ,"2,290","397,409,128","189,032","72,460","27,029",72.83
#371,[NEW LEADERBOARD AND CASES!] Ro-Ghoul [ALPHA],"2,289","957,218,035","2,047,265","784,114","82,025",90.53
#372,Demon Blade,"2,281","83,278,240","202,806","349,339","14,330",96.06
#373,GRUMPY GRAN! (SCARY OBBY),"2,260","456,707,773","264,103","62,593","33,630",65.05
#374,‚ú®Collect The Body,"2,239","150,167,101","325,284","557,137","23,602",95.94
#375,[2X] Bladers: Rebirth,"2,235","33,054,935","133,293","60,199","4,062",93.68
#376,[üòàSOLO LEVELING + 3X] Anime Spirits,"2,235","29,536,871","59,660","69,731","7,857",89.87
#377,Guess the drawing!,"2,230","242,040,933","692,935","109,655","24,343",81.83
#378,Build & Survive,"2,227","123,429,061","80,072","14,049","12,076",53.78
#379,Rogue Demon,"2,213","525,002,236","609,719","318,704","70,549",81.88
#380,[üëëNEW SEASON] Anime Souls Simulator X,"2,212","26,960,340","48,455","63,770","3,843",94.32
#381,Unnamed Shooter,"2,211","30,442,618","85,063","33,307","11,984",73.54
#382,Banana Eats üåà,"2,196","678,502,749","1,768,438","420,061","54,797",88.46
#383,[üî•] Scythe Simulator,"2,188","21,474,450","1,653,246","82,210","5,972",93.23
#384,Free Draw,"2,184","275,791,272","1,049,639","305,223","68,564",81.66
#385,My Restaurant! üë®‚Äçüç≥,"2,183","818,743,125","2,638,382","1,034,878","95,910",91.52
#386,üòà Ham's Murder Mystery 2 (MM2),"2,177","1,611,955","165,960",436,164,72.67
#387,[REVOLVER] LOCKED,"2,165","70,754,067","86,650","49,513","12,583",79.74
#388,[üéâ 400K] Insane Button Simulator,"2,161","1,491,962","134,630","6,867",408,94.39
#389,Be a Sharkü¶à,"2,161","47,546,781","101,158","92,496","12,339",88.23
#390,Epic Minigames,"2,160","2,120,632,543","6,835,672","1,902,324","218,860",89.68
#391,ÌïúÍµ≠ Î®∏Îçî,"2,158","110,201,906","81,899","26,997","10,466",72.06
#392,[üî• CODES] Ethan's MM2,"2,157","2,640,179","327,919","2,471",315,88.69
#393,[NEW] Touch Football,"2,152","73,291,996","35,802","26,626","5,414",83.1
#394,Salon de Fiestas,"2,149","231,167,140","342,074","106,006","14,882",87.69
#395,[x2][üõíSHOPS] Dragon Ball Rage,"2,145","868,732,011","1,972,347","516,911","59,612",89.66
#396,Squid Game,"2,140","1,479,941,838","2,066,258","910,104","160,079",85.04
#397,therapy üîä,"2,139","62,535,323","287,264","49,996","5,957",89.35
#398,Best Avatar,"2,119","20,992,722","33,342","16,231","4,499",78.3
#399,[‚≠êTOTW] Football RNG.,"2,111","42,184,708","55,030","33,254","4,553",87.96
#400,Forgotten Worlds,"2,110","429,256,964","1,032,165","269,719","29,278",90.21
#401,Build Together,"2,096","38,589,862","2,635,974","91,711","3,575",96.25
#402,Clone Kingdom Tycoon [CHAT] ‚öîÔ∏è,"2,065","93,875,942","155,685","44,691","8,404",84.17
#403,Realistic Ragdoll Physics,"2,058","264,687,670","378,653","91,571","18,876",82.91
#404,[‚òÄÔ∏èSUMMER UPDATE‚òÄÔ∏è] Streetz War 2,"2,054","60,426,428","312,841","67,909","11,004",86.06
#405,Carno! | Prehistoria | Dinosaur Survival,"2,039","45,465,918","74,398","16,824","3,003",84.85
#406,The Curse [HORROR],"2,020","1,710,887","27,395","4,716","1,365",77.55
#407,[EPIC UPDATE] üèÄ Hoops Life Basketball üèÄ,"2,020","115,201,218","215,252","78,822","26,658",74.73
#408,Ninja Tycoon (v4.4),"2,014","516,545,724","1,198,837","374,761","45,188",89.24
#409,[FLOOR 2] P6ul's DOORS RP üëÅÔ∏è,"2,008","20,752,585","18,436","6,434","1,202",84.26
#410,Eat Slimes to Grow HUGE,"2,007","32,243,476","1,313,825","61,463","23,297",72.51
#411,Meme Race üòÇ,"2,005","2,855,833","113,067","7,547",313,96.02
#412,A Lion's Pride Alpha - Lion RP ü¶Å,"2,004","69,933,232","129,999","37,212","3,140",92.22
#413,[CONSOLE] Saiyan Battlegrounds,"2,000","55,069,397","59,028","15,480","8,954",63.35
#414,[Endless Sword!]‚öîSword Warriors!,"1,997","229,128,241","336,251","465,185","19,588",95.96
#415,Pink Tower! (300+ Stages!),"1,991","24,096,327","4,363,933","14,397","2,631",84.55
#416,Generic Cooking Game [BETA][UPD2.12] ,"1,965","51,953,504","429,786","71,686","7,208",90.86
#417,[AWAKENING] üå± Grass Cutting Incremental üå±,"1,959","21,797,303","62,707","32,430","4,246",88.42
#418,Easy Pole Obby,"1,953","56,876,625","874,302","20,106","7,293",73.38
#419,ü™Ç Ragdoll Physics [Skydiving],"1,947","187,724,545","159,351","35,061","11,728",74.93
#420,The Dropper ‚ú® [130+ LEVELS!],"1,939","641,501,177","1,425,103","289,825","129,452",69.12
#421,Logo Race!,"1,926","24,847,476","1,859,030","3,179","4,946",39.13
#422,Apeirophobia,"1,912","316,515,424","1,763,212","493,568","39,159",92.65
#423,Animal Sim: Underwater,"1,908","154,983,660","150,146","26,773","5,181",83.79
#424,üí™ Muscle Race Simulator,"1,902","3,558,433","203,761","5,271",220,95.99
#425,Mega Hide and Seek!,"1,900","352,894,124","462,444","81,406","14,708",84.7
#426,Every Second You Get +1 Jump,"1,899","368,985,353","3,974,477","210,037","15,738",93.03
#427,RUN FROM THE PONY FACTORY (OBBY!),"1,884","3,867,155","9,240","2,116","1,088",66.04
#428,Realistic Hand RP üñêüç©üòã [UPDATE],"1,873","393,219,242","760,004","162,246","24,112",87.06
#429,Aqua Racer,"1,873","42,837,021","43,308","76,853","2,368",97.01
#430,[Long Lang] Heaven : Stand,"1,868","32,932,113","63,514","37,661","11,943",75.92
#431,Motion Euphoria Ragdoll,"1,867","11,437,657","40,726","9,228","1,342",87.3
#432,[FREE DRAGON REWORK] Cat Piece,"1,866","56,749,212","74,173","54,388","8,256",86.82
#433,Mining Tycoon üíé [Update 2!],"1,862","720,207","6,573","9,084",477,95.01
#434,Sneaker Resell Simulator,"1,861","51,957,655","116,728","47,854","4,545",91.33
#435,Noob Army Tycoon,"1,860","325,326,681","1,155,776","480,212","43,703",91.66
#436,Be a Snake,"1,856","46,253,962","67,556","74,194","9,045",89.13
#437,Every Second You Get +1 Speed But You‚Äôre On a Bike,"1,855","120,183,014","3,214,821","127,499","9,482",93.08
#438,Good Girls Sorority,"1,842","636,847,285","1,571,979","202,845","51,714",79.68
#439,Saber Showdown,"1,841","191,394,264","387,632","321,389","27,958",92
#440,üöÄ [UPD] Flying Boot Race Simulator,"1,841","12,224,069","1,074,940","51,993","1,453",97.28
#441,BAD CAT,"1,839","207,737,277","479,908","131,085","17,911",87.98
#442,Drag to Combine!,"1,838","3,658,413","192,008","8,037","1,183",87.17
#443,[FPS] Gun Grounds FFA,"1,837","40,369,156","46,788","14,290","4,656",75.42
#444,Survive 100 Days In Nuclear Bunker,"1,830","59,438,723","62,877","33,348","9,861",77.18
#445,Apocalypse Rising 2,"1,830","97,793,901","727,106","197,071","26,528",88.14
#446,Bid Battles!,"1,821","125,323,166","319,293","129,150","12,684",91.06
#447,Find The Noobies Morphs ,"1,816","15,749,175","26,333","13,914","2,420",85.18
#448,Silly Billy | Friday Night Partying,"1,812","48,314,744","129,211","47,256","5,503",89.57
#449,[‚è∞] Resort Tycoon 2 üå¥,"1,811","58,013,370","1,653,950","220,697","5,500",97.57
#450,Brazilian Community [TTD CMBr],"1,805","74,869,583","58,554","18,098","2,192",89.2
#451,Carry A Friend! (Teamwork Obby),"1,801","318,698,859","9,452,769","282,266","18,219",93.94
#452,starving artists (DONATION GAME),"1,798","417,139,968","1,234,186","462,419","52,901",89.73
#453,[NEW MAP] Fallen Survivalüèπ,"1,797","15,457,443","158,199","24,965","3,842",86.66
#454,Makeover Show,"1,792","67,198,123","6,098,227","13,869","6,648",67.6
#455,Happy Land üè°RP,"1,791","520,266,212","234,767","37,783","20,474",64.86
#456,[üò±UPD 8] Pou Morphs!,"1,789","10,977,418","3,764","1,087",611,64.02
#457,Ultra Power Tycoon,"1,787","475,887,565","524,654","249,277","52,582",82.58
#458,Train. [RNG],"1,786","11,968,768","18,340","5,593","5,468",50.57
#459,üì±UPDATE!üì±Seaboard City RPüå¥,"1,784","475,419,180","986,219","151,792","38,918",79.59
#460,[UPD] Dragon Ball Nexus,"1,778","10,969,974","111,105","44,882","2,866",94
#461,The Highest Ever Waterslide Obby,"1,778","33,618,375","5,168,160","12,965","7,130",64.52
#462,[üÉè6 Daysüî•] Jujutsu Piece,"1,770","4,588,225","26,152","15,571","3,902",79.96
#463,ENTRENCHED WW1 BETA,"1,768","85,262,317","595,343","169,647","15,580",91.59
#464,Launch Into Space Simulator,"1,759","52,715,647","130,474","328,305","7,844",97.67
#465,[üî•NEW] Skibidi Toilet Morphs,"1,759","96,205,955","28,098","6,505","2,121",75.41
#466,[V2.6] Sonic.EXE RP ,"1,759","120,670,036","224,759","66,513","10,456",86.42
#467,HAZE PIECE,"1,758","203,726,312","1,274,040","618,963","26,866",95.84
#468,Toilet Roleplay [TINY UPDATE],"1,756","188,702,965","429,425","61,652","12,019",83.69
#469,üíµUPD Farming and Friends,"1,743","139,874,380","519,136","182,408","27,312",86.98
#470,Bou's Revenge [HORROR],"1,738","88,545,921","1,766,037","131,223","15,791",89.26
#471,[üî•üßä Awakening Upd] Heroes World,"1,737","216,153,572","754,119","508,820","25,263",95.27
#472,Zombie Attack,"1,735","1,608,718,292","5,757,783","1,262,204","79,001",94.11
#473,H2O Mermaid Testing,"1,734","470,132,892","410,239","49,345","15,162",76.5
#474,Countryball World üåé,"1,734","56,942,173","125,209","32,513","5,871",84.7
#475,Ohio.,"1,732","198,224,236","363,517","368,530","41,557",89.87
#476,cart ride around nothing,"1,723","365,411,847","551,008","250,973","83,596",75.01
#477,Daycare üí• [REWARDS],"1,715","20,073,548","65,736","22,525","9,058",71.32
#478,[Google] Be Internet Awesome World üåü,"1,713","528,490","5,249","1,295",599,68.37
#479,[Official] Garten of Banban,"1,710","245,163,246","312,053","138,441","20,542",87.08
#480,[UPD]‚öîÔ∏èWeapon Warrior Simulator ,"1,710","53,114,304","1,988,011","616,885","14,182",97.75
#481,Bulked Up,"1,709","408,825,721","2,407,924","243,567","32,759",88.14
#482,Angelazz's MM2,"1,703","1,485,525","1,674","1,073",177,85.84
#483,Naval Warfare,"1,693","442,658,376","1,127,570","324,422","40,024",89.02
#484,Laundry Simulator,"1,688","426,818,433","1,509,814","442,621","58,375",88.35
#485,Last To Leave,"1,688","493,539,482","464,584","152,578","61,797",71.17
#486,Slide Down A Hill,"1,687","128,609,921","164,221","110,236","13,234",89.28
#487,üèÄ Basketball Stars 3 [PARK],"1,683","1,962,223","60,769","1,898",652,74.43
#488,[üïíEVENT]üé≤RNG Combat Simulatorüé≤,"1,680","1,421,894","5,397","7,846",918,89.53
#489,[FIXED] ZO SAMURAI SWORD FIGHTING,"1,676","538,875,519","1,562,479","680,028","144,707",82.45
#490,[KAIJU & RED MIST] Sakura Stand,"1,675","248,081,697","268,321","136,910","33,882",80.16
#491,‚ô† Twenty One,"1,671","24,373,833","429,593","103,836","6,818",93.84
#492,Doge Head Escape,"1,665","301,113,061","212,775","36,285","27,387",56.99
#493,Criminality,"1,662","200,025,223","653,914","287,832","89,722",76.24
#494,School Thugs üëä,"1,661","1,525,786","137,673",756,453,62.53
#495,Colony Survival ( Iron Update! üè≠),"1,657","15,839,451","93,259","20,635","3,293",86.24
#496,üå¥ Outlaster,"1,648","289,342,188","910,698","248,465","42,022",85.53
#497,Shadow Boxing Battles,"1,648","253,298,414","457,795","170,651","27,153",86.27
#498,Michael's Zombies,"1,645","178,649,449","963,445","314,382","25,876",92.4
#499,Shoot a Friend [2 Player Obby],"1,644","12,251,677","81,954","93,086","2,712",97.17
#500,Centipede,"1,644","270,937,425","305,486","42,154","14,834",73.97
#501,Cali Shootout üí•,"1,640","45,599,915","131,077","103,120","13,253",88.61
#502,[‚ú≥Ô∏èCODES] HACKERS MM2,"1,629","3,265,249","320,615","2,061",587,77.83
#503,[üéâNEW LOBBY] Sing It! Karaoke Battles [VCüé§],"1,628","4,051,436","58,983","4,630",333,93.29
#504,Conquer Europe WW2 [Ideologies Update],"1,622","16,371,417","117,080","17,128","4,064",80.82
#505,Escape Angry Head,"1,618","52,313,889","23,377","3,001","2,104",58.79
#506,Mental [HORROR],"1,609","18,975,809","1,840,177","60,244","11,139",84.4
#507,War Engines 0.5 [beta],"1,606","8,383,529","44,526","16,073","5,683",73.88
#508,Build to Survive the Tsunami üåä,"1,606","39,438,332","1,280,500","17,594","4,700",78.92
#509,[Ragna] Second Piece,"1,602","25,688,915","45,784","25,146","4,250",85.54
#510,CHECK DESCRIPTION,"1,600","3,798,721","2,444","1,585",279,85.03
#511,üëëSTRONGEST PUNCH SIMULATOR,"1,599","382,084,710","890,166","263,374","22,347",92.18
#512,[üéÅGIFT] Titan Training Simulator,"1,598","38,342,405","1,480,116","73,807","4,220",94.59
#513,[BROLY MASTERY] Z Battlegrounds,"1,593","257,405,023","389,585","192,796","56,877",77.22
#514,üíø KOYA DANCE STUDIO,"1,593","15,134,356","86,888","18,563","1,375",93.1
#515,Furry Infection game [Furinfection],"1,591","146,425,985","127,299","19,577","9,409",67.54
#516,[‚ö†Ô∏è] FUNDAMENTAL PAPER EDUCATION RP,"1,589","9,145,518","27,895","5,705",730,88.66
#517,[üçÅ UPDATE] Rise To Royalty,"1,588","2,106,799","48,440","7,580","1,247",85.87
#518,Escape Mr Funny's ToyShop! (SCARY OBBY),"1,585","378,821,436","378,991","76,962","50,438",60.41
#519,[FREE KJ] Mystic Battleground,"1,584","19,261,268","17,505","3,927","9,034",30.3
#520,MIC UP üîä 17+,"1,584","27,335,005","52,952","15,833","2,024",88.67
#521,[UPD8] +1 Rocket Guns And Tanks,"1,583","785,794","3,518","1,548",378,80.37
#522,[Two New Heroes] Console VS Coffin,"1,581","50,963,662","982,619","8,738","2,120",80.48
#523,üõçÔ∏è Fashion Show,"1,575","91,770,885","105,406","16,335","3,337",83.04
#524,[HOTEL üõéÔ∏è ] Blair,"1,573","165,482,112","624,212","167,921","13,281",92.67
#525,[2X] Zombie Battle Tycoon üßü,"1,573","149,270,852","222,508","87,172","8,517",91.1
#526,[WATERFALL]Undertale Adventures,"1,572","4,899,277","15,231","4,868","1,222",79.93
#527,Insane Elevator Testing,"1,569","148,209,782","55,615","13,111","7,599",63.31
#528,Pull Up Simulator,"1,569","75,308,590","5,339,893","460,368","10,376",97.8
#529,{MECHANICS} Monday Morning Misery [Beta],"1,568","298,241,523","839,311","304,534","34,213",89.9
#530,Growing Up - üéÉHalloween EventüéÉ,"1,567","597,341,565","1,976,499","558,167","89,651",86.16
#531,üåä RH Dance Studio,"1,565","121,443,181","259,234","76,108","7,486",91.04
#532,‚öîÔ∏è Conan Horde Slayer ‚öîÔ∏è [BETA],"1,562","8,771,729","194,903","6,096",830,88.02
#533,Ride a Cart Simulator,"1,562","138,418,503","215,653","474,149","24,216",95.14
#534,Math Answer or Die,"1,561","232,655,140","128,215","46,419","12,524",78.75
#535,"Squid's Game ü¶ë | Red Light, Green Light","1,560","99,224,357","19,116","1,077",875,55.17
#536,2 Player Sushi Tycoon üç£,"1,559","5,630,668","34,514","33,137",808,97.62
#537,[UPDATE] DEMON SLAYER 3D RP,"1,557","54,908,412","127,365","43,909","3,518",92.58
#538,KeyWest üè† RP [UPDATE 16],"1,557","66,965,203","81,098","12,250","4,265",74.17
#539,Escape School Obby! (NEW) ,"1,554","109,147,909","1,857,561","55,624","15,074",78.68
#540,BayView RP üè†,"1,553","549,905,277","543,952","78,062","13,504",85.25
#541,Doomspire Defense [REWRITE],"1,553","36,436,817","56,966","31,404","2,807",91.8
#542,Cash Tycoon!,"1,552","71,273,319","5,797,227","49,008","3,921",92.59
#543,Five Nights At Freddy's Doom,"1,550","142,103,843","479,559","117,496","11,791",90.88
#544, Gun Armory Tycoon,"1,547","28,203,742","50,072","42,604","3,406",92.6
#545,[OMG üéâ] Find The Auras [400],"1,543","14,551,898","1,106,722","25,972","3,372",88.51
#546,Tower of Misery,"1,541","3,780,614,756","2,745,576","733,388","195,538",78.95
#547,Impostor,"1,538","135,092,235","353,248","49,986","15,596",76.22
#548,Block Eaters,"1,534","18,949,328","1,270,371","20,105","6,178",76.49
#549,Bus Driver Vietnam 2,"1,534","59,313,130","24,674","7,571","3,286",69.73
#550,üò§[WUKONG]üò§ +1 Blade Slayer ,"1,532","44,814,831","151,724","92,770","7,039",92.95
#551,[üí∞üçÄ]‚öΩGoal Kick Simulator,"1,531","297,250,451","621,513","242,298","20,781",92.1
#552,FORTLINE,"1,526","25,463,967","1,061,598","5,025","2,115",70.38
#553,Charles Revenge [HORROR],"1,523","3,892,390","76,511","8,262","1,661",83.26
#554,üçï Pizzeria Tycoon 2,"1,521","11,584,105","27,628","59,408","1,913",96.88
#555,üèÄ My Prison,"1,518","115,591,890","447,635","153,763","24,767",86.13
#556,Ninja Battlegrounds,"1,515","33,173,224","131,342","188,087","11,066",94.44
#557,My Perfect School,"1,510","4,539,245","1,992",235,344,40.59
#558,[ü¶ÄEVENT!] Fabled Legacy!,"1,509","85,667,894","159,675","93,994","8,081",92.08
#559,+1 Fat Every Second üçî,"1,505","227,219,369","7,126,137","379,357","19,717",95.06
#560,Labubu Tower,"1,504","12,746,261","11,442","1,287",424,75.22
#561,[RANKED] Jujutsu Beatdown,"1,504","16,737,233","96,000","106,255","10,900",90.7
#562,nico's nextbots ,"1,502","532,622,482","2,002,050","675,060","57,799",92.11
#563,Tower Heroes (UPDATE),"1,501","434,132,994","789,381","326,131","38,421",89.46
#564,[NEW MODE] Horrific Housing,"1,501","583,486,328","1,707,912","653,652","190,992",77.39
#565,Tower of Jump [FREE HALOSüòá],"1,500","609,748,144","719,746","159,932","32,047",83.31
#566,Flicker üí°,"1,490","750,108,675","2,138,869","559,133","49,900",91.81
#567,Randomizer [üî™UPDATEüêü],"1,487","127,316,526","600,865","214,071","45,592",82.44
#568,[üéâUPD] Easy Size Obby,"1,484","23,147,712","3,378,768","1,644",741,68.93
#569,[STAGE ONE] üí™ Ninja Challenge [Beta],"1,478","3,567,002","4,590","4,848",511,90.46
#570,[KITSUNE] Blox Fruits But Bad,"1,477","10,403,518","8,127","3,698","1,460",71.69
#571,Blox Fruit But Bad (DRAGON REWORK),"1,476","47,151,987","24,923","10,593","4,773",68.94
#572,Don't Press The Button 7,"1,471","77,587,475","42,374","13,476","6,901",66.13
#573,UGC Steal Points,"1,468","10,016,538","14,407","19,975","3,587",84.78
#574,[WORLD 2] Chained [2 Player Obby],"1,468","34,006,357","125,711","62,567","5,187",92.34
#575,CENTAURA,"1,466","26,946,198","340,460","125,295","9,515",92.94
#576,Block Tycoon ‚õèÔ∏è [BEE UPDATE] üêù,"1,461","83,656,432","244,907","81,361","19,396",80.75
#577,Be a Tsunami,"1,460","17,425,721","44,323","45,737","12,900",78
#578,Daycare 2 üéà (Story),"1,459","471,363,853","828,450","160,498","32,970",82.96
#579,Build To Survive the Disasters,"1,456","22,188,770","50,168","71,808","2,957",96.04
#580,Rate My Avatar,"1,451","278,197,005","458,905","186,035","35,958",83.8
#581,Merge for DIAMONDS!,"1,451","7,231,325","14,795","15,827","1,218",92.85
#582,Clucky's üêî The FINAL Round... [üèÜUPD7üîë],"1,441","6,220,179","19,150","8,684","1,120",88.58
#583,‚òÅÔ∏èCotton Obby!,"1,441","463,035,737","391,408","58,224","13,342",81.36
#584,Fashion Famous: üì∏,"1,437","2,254,675,845","4,740,911","563,632","101,503",84.74
#585,Teamwork Puzzles,"1,436","602,169,255","528,308","80,869","27,005",74.97
#586,CRAZY CHEFS! üë®‚Äçüç≥,"1,436","10,703,796","7,435","1,960","1,200",62.03
#587,Building towers to fly farther ü™Ç,"1,436","94,158,762","171,150","330,968","12,636",96.32
#588,[WISH UPDATE ‚ú®] Dragon Blox ,"1,433","547,189,085","1,218,584","416,548","41,229",90.99
#589,Ray's Mod,"1,432","236,341,843","836,506","247,509","33,185",88.18
#590,War Age Tycoon,"1,431","77,710,327","146,639","61,348","7,231",89.46
#591,[üåüUPD] Avatar Outfit Creator,"1,430","196,268,020","145,660","30,241","7,921",79.24
#592,üåô Dreamhaven Tycoon,"1,430","160,784,039","157,455","138,091","4,781",96.65
#593,Crazy Cards ü§£ [UPDATE üî•],"1,425","47,933,473","252,490","43,318","10,088",81.11
#594,Rogue Lineage,"1,425","353,032,006","304,965","114,072","22,064",83.79
#595,1% Win Glass Bridge Obby!,"1,423","1,995,980","290,299",202,82,71.13
#596,Teddy,"1,423","668,416,449","728,746","112,192","33,535",76.99
#597,Soccer Pro (3 on 3),"1,418","27,852,547","188,527","8,280","3,940",67.76
#598,The Interview üîä,"1,418","19,467,771","673,978","61,910","5,168",92.3
#599,Horse Valley [CAMARILLO HORSE],"1,412","375,426,555","793,103","211,914","33,358",86.4
#600,[Test version]  Bilberry City,"1,412","22,462,673","19,598","2,515",625,80.1
#601,[UPD 2.2] Slugterra Battle Arena,"1,407","1,416,490","14,802","8,551",351,96.06
#602,DIG TO HELL üí£,"1,404","20,246,671","2,583,652","31,374","3,557",89.82
#603,Escape Baby Bobby Daycare! (FIRST PERSON OBBY),"1,397","394,360,359","7,083,089","21,870","24,715",46.95
#604,Typical Colors 2 [MOBILE BETA],"1,395","114,175,849","467,701","159,711","40,807",79.65
#605,[UPDATE 1.2] Astro Arc Roleplay,"1,395","1,160,527","3,008","1,123",130,89.62
#606,Put A Finger Down!,"1,394","35,737,704","147,088","22,661","4,504",83.42
#607,[Emotesüéä]Balloon Pop: Find Your Match üîä,"1,389","28,844,942","103,921","31,971","5,494",85.34
#608,[Huge Update!] Midnight Racing: Tokyo,"1,388","113,166,539","586,346","193,593","23,372",89.23
#609,Tug of War Simulator,"1,387","17,552,244","733,604","22,227","1,037",95.54
#610,[2X] GREEDY NOOBS ü§ë,"1,386","9,219,016","23,797","18,114","3,851",82.47
#611,Build To Survive The Disasters üî•,"1,372","18,350,222","1,420,472","5,526","1,697",76.51
#612,Color Hide and Seek,"1,366","197,239,047","163,830","67,299","15,296",81.48
#613,[UPDATE] Toilet Massacre ,"1,364","25,020,579","33,037","21,766","4,690",82.27
#614,The Powder Box,"1,364","29,559,917","93,641","26,392","1,844",93.47
#615,3-2-1 Blast Off Simulator,"1,364","280,971,636","782,857","225,144","24,243",90.28
#616,Classic Sonic Simulator V12,"1,361","131,665,545","446,355","150,702","25,254",85.65
#617,[Beta] Dragon Ball RP: Azure,"1,359","78,128,465","93,997","28,530","4,104",87.42
#618,Goofy Gods ‚ö°Ô∏è (Beta),"1,358","62,482,269","106,998","39,896","7,703",83.82
#619,[üî•üí• PRISMATIC 2 UPD] Anime Fighters Simulator,"1,357","1,290,420,885","1,585,679","1,121,532","84,998",92.96
#620,üé¢ Roller Coaster Line Simulator,"1,348","645,405","50,593","7,162",417,94.5
#621,Doodle Transform!,"1,343","86,841,473","196,833","29,426","10,254",74.16
#622,üî•NEED MORE HEATüî•,"1,342","85,066,142","195,089","95,699","6,299",93.82
#623,Moto Trackday Project,"1,340","63,011,345","121,714","61,550","6,703",90.18
#624,Kart Racing Simulator,"1,338","12,409,359","799,010","136,786","2,816",97.98
#625,Hero Brawl,"1,338","245,594,919","102,737","20,271","6,239",76.47
#626,Mad City: Chapter 2,"1,337","2,565,925,850","5,841,185","1,837,266","362,779",83.51
#627,Ballroom Dance üå∏,"1,336","198,546,880","334,555","97,852","10,338",90.44
#628,T-Titans Battlegrounds,"1,333","631,923,232","1,054,852","299,242","92,177",76.45
#629,‚öì Harbor Havoc,"1,332","176,891,281","262,039","142,912","19,660",87.91
#630,RoCitizens üö¢,"1,328","851,350,173","3,746,986","1,130,451","140,720",88.93
#631,Drift Paradise,"1,328","263,528,595","888,332","439,189","47,769",90.19
#632,[ULTRA INSTINCT] Super Evolution,"1,324","135,238,659","461,516","180,370","16,172",91.77
#633,Public Bathroom Simulator,"1,320","461,238,787","844,632","208,646","44,942",82.28
#634,Dance for UGC üíÉ,"1,319","29,607,789","97,644","70,951","6,239",91.92
#635,Animals Capture The Flag,"1,319","98,763,304","67,071","22,466","4,739",82.58
#636,[EDITOR] Beat Bounce (Geometry Dash),"1,317","41,438,159","41,096","16,911","15,789",51.72
#637,[üèÄUPD]üë∫Demon Warriors,"1,316","8,017,382","51,713","147,175","2,978",98.02
#638,REALISTIC HOOD TESTING,"1,315","83,629,166","433,116","108,123","22,713",82.64
#639,Speed Runner!,"1,314","276,139,093","334,330","69,373","32,589",68.04
#640,Murder Party,"1,312","689,128,746","1,047,295","255,695","70,684",78.34
#641,Trident Survival,"1,310","63,484,148","116,725","25,878","9,067",74.05
#642,PHIGHTING! [ALPHA],"1,308","26,767,330","242,261","89,570","5,852",93.87
#643,üê¥ Animal Life: Forest RPüê∫üêªü¶åü¶ùüê∞,"1,307","155,299,870","195,419","43,506","6,300",87.35
#644,Sword Battle Simulator,"1,306","1,552,092","102,735","11,237",276,97.6
#645,Legends Arena,"1,302","38,846,493","206,425","124,041","4,392",96.58
#646,üéâ [NEW] Find The Sonic Morphs,"1,301","26,962,543","27,385","9,262","1,221",88.35
#647,The Time of Ninja (UPDATE 0.1 - BETA TEST),"1,297","3,630,518","68,504","20,094","2,206",90.11
#648,Toilet Defense RNG,"1,295","1,676,008","116,847","2,592",397,86.72
#649,Collapsing Tower,"1,293","84,062,157","31,272","6,602","6,761",49.41
#650,Prison Life,"1,293","2,467,204,248","5,541,159","1,251,524","222,872",84.88
#651,Wizard Tycoon - 2 Player,"1,292","653,280,443","1,866,250","425,269","60,694",87.51
#652,Logo Block Race,"1,292","58,371,244","8,418,690","14,313","2,404",85.62
#653,Cheese TD,"1,286","53,937,338","42,779","23,368","4,622",83.49
#654,[ü•≥ NEW GUN] Bad Business ,"1,284","501,054,546","2,151,741","754,257","124,267",85.86
#655,[ü§ñOPTIMUS PRIME + x300] Z Piece,"1,284","28,657,324","398,699","79,852","11,584",87.33
#656,Midnight Burger [HORROR],"1,282","23,066,775","391,102","46,229","7,068",86.74
#657,Life Sentence üö®,"1,281","33,285,880","123,881","82,692","17,896",82.21
#658,YooBroxDD's DOORS RP üëÅÔ∏è,"1,280","10,149,946","14,485","9,142","1,700",84.32
#659,Hello Neighbor [2 Acts][Xbox support],"1,275","142,809,457","111,403","25,011","7,049",78.01
#660,[NEW] Disaster Island üèùÔ∏è Survival,"1,275","41,307,457","2,461,580","41,372","3,421",92.36
#661,[IDLE TRANSFIGURATION]Jujutsu Legacy,"1,270","7,848,840","27,009","22,473","4,267",84.04
#662,üë∂DAYCARE PARTYüéà,"1,266","13,911,610","6,590","1,161",496,70.07
#663,Build a bunker to survive zombies tycoon,"1,265","33,009,626","43,010","34,535","7,417",82.32
#664,Midnight Station [HORROR],"1,265","43,640,413","584,179","67,754","7,398",90.16
#665,3008 - 100 Players,"1,263","72,524,785","73,847","18,970","6,813",73.58
#666,Guerra de Torres,"1,259","280,538,927","410,860","103,913","35,368",74.61
#667,Name or Die,"1,257","48,420,029","53,992","14,138","4,886",74.32
#668,BETTY'S NURSERY ESCAPE (FIRST PERSON OBBY!),"1,246","195,898,620","69,841","8,709","9,772",47.12
#669,Hole in the Wall,"1,246","508,626,488","2,291,306","432,799","138,892",75.71
#670,[BURNTRAP!!!] Fredbear's Mega Roleplay,"1,239","212,246,256","819,292","197,655","18,534",91.43
#671,üåäTsunami Disaster Survivalüåä,"1,237","258,465,310","156,612","26,136","14,865",63.74
#672,Zooo,"1,236","129,818,980","64,823","17,700","5,943",74.86
#673,[DEEP EXPLORER | +6 EMOTES] üéµ TTD 3,"1,231","1,094,492,080","2,572,788","748,950","127,687",85.43
#674,Consume [HORROR],"1,230","6,914,239","158,228","17,473","2,502",87.47
#675,The Wild West,"1,228","270,206,055","1,507,680","571,959","81,117",87.58
#676,[üî• 3 NEW HYBRIDS!] Dinosaur Simulator,"1,228","290,659,848","1,279,453","413,118","103,835",79.91
#677,random tool,"1,228","2,603,054","7,339","2,546",955,72.72
#678,vLife üè° RP,"1,227","783,700","7,364",971,284,77.37
#679,Dragon Merge Tycoon,"1,226","2,849,606","202,734","3,657",656,84.79
#680,Beeface!,"1,226","412,678,316","847,904","208,741","18,029",92.05
#681,üéÄ CINNAMOROLL'S PRISON RUN! (Obby),"1,225","1,896,621","235,333",75,50,60
#682,ANGEL [HORROR],"1,223","1,602,199","45,674","1,574","1,160",57.57
#683,[NEW] Skateboard of Hell Obby,"1,219","24,303,561","1,628,910","3,978","2,023",66.29
#684,Soul Cultivation (Mastery Event),"1,219","1,762,085","18,101","5,848",658,89.89
#685,Too Many Weapons,"1,218","11,729,141","169,616","257,905","5,769",97.81
#686,Skibidi Toilet War,"1,215","13,003,464","6,563","2,088","1,037",66.82
#687,Tandem [2 Player Obby],"1,209","14,127,555","1,585,062","10,534","1,556",87.13
#688,[COLORS] Poly Dash (Geometry Dash),"1,208","47,430,273","69,571","32,228","15,842",67.04
#689,Bitcoin Miner ‚õèÔ∏è,"1,205","184,426,153","800,553","465,751","48,433",90.58
#690,[HULKBUSTER WIP] Iron Man: Battlegrounds,"1,204","105,172,151","337,937","93,814","15,416",85.89
#691,5v5 MM2 Mansion 2,"1,202","223,522,806","223,498","67,603","25,027",72.98
#692,[gold update] raise a floppa 2,"1,196","158,924,387","668,273","361,068","34,507",91.28
#693,BIG Paintball! Classic üî´,"1,189","1,762,964,342","5,062,259","2,119,807","371,545",85.09
#694,Airplane Simulator ,"1,188","162,725,194","491,801","203,420","36,383",84.83
#695,Slayer Tycoon (v1.7),"1,188","200,602,621","662,304","196,563","31,817",86.07
#696,Heads Up,"1,187","40,771,697","135,265","18,494","8,862",67.6
#697,Ultimate Ragdoll Playground,"1,186","70,956,846","80,601","11,070","2,340",82.55
#698,Build & Survive Tsunami üåä,"1,186","10,616,115","1,216,413","5,223",615,89.47
#699,Squid Game O,"1,182","91,216,617","99,135","19,411","6,957",73.62
#700,Block Tales [Demo 2],"1,180","23,614,230","324,045","172,795","6,689",96.27
#701,[ITADORI + NATSU]üî• Anime Unlimited,"1,180","54,055,045","219,346","139,638","29,654",82.48
#702,üí™ Training Simulator,"1,179","52,451,192","5,517,809","40,030","2,654",93.78
#703,Cabin Roleplay,"1,179","182,332,292","1,011,223","69,199","10,260",87.09
#704,Care Bears: Caring Quest [üèÅ SPEEDRUNS],"1,175","1,667,461","15,433","5,077",324,94
#705,Freaky Gojo [HORROR],"1,175","5,609,919","125,919","26,948","5,581",82.84
#706,[üé≤RNG] Tapping Legends Final!,"1,170","7,837,946","14,735","27,473",798,97.18
#707,Catwalk Show,"1,169","295,924,041","135,609","54,436","15,883",77.41
#708,Salon de Bailes ü•µ [chat de voz],"1,168","69,946,920","76,677","8,185","3,119",72.41
#709,[COUNTRIES] Track & Field: Infinite,"1,161","80,333,524","159,396","69,853","12,822",84.49
#710,LewisLife üè° RP [Free UGC],"1,158","209,372,377","3,000,467","32,459","7,961",80.3
#711,Altitorture [2 Player Obby],"1,158","254,522,827","984,391","172,988","23,158",88.19
#712,[SUMO REWORK] Mighty Omega,"1,157","48,529,052","114,550","29,298","4,204",87.45
#713,Lucky Avatars! [Outfits Catalog] ,"1,153","37,110,278","1,996,023","3,860","1,147",77.09
#714,Street Shootout (Alpha),"1,152","31,204,560","122,967","34,000","13,717",71.25
#715,Criminal Tycoon,"1,152","63,756,339","136,201","62,414","8,856",87.57
#716,[Test Place] Realistic Hand RP üñêü§è [üî®Test],"1,152","39,284,427","41,165","6,796","1,804",79.02
#717,Better Anime?,"1,151","6,623,692","223,214","191,174","5,488",97.21
#718,Horse World,"1,149","560,794,475","1,354,764","302,210","39,571",88.42
#719,SPLASH ‚≠ê Skate & Music,"1,147","457,544,034","1,539,420","270,843","31,287",89.64
#720,Yellowstone Unleashed,"1,146","37,448,895","146,814","107,979","6,936",93.96
#721,[FREE UGC & NEW CARS] CAR CRASHüöó,"1,146","13,241,924","18,335","3,360","1,718",66.17
#722,096 [SCP] üéÉ,"1,146","44,321,033","190,838","30,768","8,490",78.37
#723,BOU'S REVENGE  PRISON RUN [POU],"1,143","1,339,270","312,883",48,46,51.06
#724,Ball Eating Simulator,"1,142","59,252,069","4,005,776","135,367","9,884",93.2
#725,MotoRush! üèçÔ∏è,"1,140","30,940,584","104,633","52,753","6,226",89.44
#726,[‚öíÔ∏èUPDüèùÔ∏è]Desert Island Survival,"1,137","106,530,156","267,692","74,324","11,170",86.93
#727,Zombie Survival Garry's Mod,"1,136","46,428,479","84,654","19,622","6,499",75.12
#728,Obby But You Can't Jump,"1,133","305,976,339","15,063,268","117,322","25,703",82.03
#729,Meme Maker [UPDATED!] üòπ,"1,132","19,265,697","58,479","23,847","7,088",77.09
#730,Risky Haul,"1,128","3,897,546","20,845","9,315","3,229",74.26
#731,Destroy The Ship!,"1,125","164,563,631","227,326","92,828","18,393",83.46
#732,Motorcycle Race,"1,125","134,188,647","136,561","158,234","5,910",96.4
#733,[üïπÔ∏è] Spindown,"1,122","7,159,219","98,620","58,973","3,253",94.77
#734,Almost Accurate DOORS RP [UPDATE #2],"1,121","80,492,536","130,133","48,798","5,391",90.05
#735,[üöÇ] Cart Ride,"1,118","97,273,537","4,640,386","6,145","4,442",58.04
#736,[REOPENED] Toilet Universe Roleplay,"1,117","16,558,271","9,378","2,857",684,80.68
#737,Build A Boat With Blocks,"1,115","36,568,573","20,317","11,984","1,983",85.8
#738,[AGES] Wings of Fire [Beta],"1,115","89,536,560","339,244","103,994","4,718",95.66
#739,Snake Simulator,"1,114","7,854,066","654,517","8,356","4,547",64.76
#740,VR Hangout v1.5,"1,112","68,447,150","97,593","25,441","10,090",71.6
#741,weird strict dad [BOOK 2],"1,111","334,702,793","462,902","113,874","21,284",84.25
#742,Boxywood RP üè†,"1,110","21,986,555","445,661","6,809","1,338",83.58
#743,[‚è≥] Anime Ball,"1,107","94,993,309","719,664","191,104","16,178",92.2
#744,üå∏Japanese Cartoon Tower [NEW HALOSüòá],"1,106","5,259,788","44,054",350,82,81.02
#745,(‚è≥) Interliminality (ALPHA 1.2.6),"1,104","38,032,205","485,907","112,496","9,950",91.87
#746,Dress To Slay üë†,"1,103","23,721,876","581,191","26,435","18,554",58.76
#747,Karaoke [1500+ Songs],"1,101","39,572,368","2,360,369","61,119","7,053",89.65
#748,[üó∫Ô∏èNEW MAP] Anime Slashing Simulator,"1,100","1,781,574","67,937","13,374",271,98.01
#749,üéÆ [BETA] Transformers Crossfire,"1,099","5,424,400","27,651","9,348",984,90.48
#750,Be a Hole,"1,099","15,091,408","887,424","85,968","10,916",88.73
#751,Scary Baboon (in developing),"1,097","1,228,544","1,961",306,120,71.83
#752,Carry Me! [2 Player Obby] ,"1,095","96,014,210","349,892","59,923","11,686",83.68
#753,[new maps!] brawl 2,"1,095","134,474,306","132,003","38,349","17,377",68.82
#754,Aura Craft,"1,091","58,477,715","2,608,261","193,183","8,508",95.78
#755,Punch Wall Simulator,"1,091","168,425,497","225,319","281,627","14,123",95.22
#756,Doomspire Brickbattle,"1,089","71,854,712","45,683","9,058","2,797",76.41
#757,Drive X üèéÔ∏è CARS,"1,088","31,677,592","26,511","9,251","1,470",86.29
#758,Sonic üòéüî• Elevator RP,"1,088","48,514,323","23,331","9,489","5,889",61.71
#759,[FPS] No-Scope Arcade,"1,080","152,821,125","411,396","149,673","35,218",80.95
#760,FRONTLINES,"1,079","142,418,821","1,376,683","389,633","56,107",87.41
#761,Color Chairs,"1,072","10,727,682","147,798","5,083","1,405",78.34
#762,"Sierra, Mexico.","1,072","3,202,896","12,012","2,616",555,82.5
#763,Blox Fruits But Cheap,"1,071","26,921,053","15,672","5,393","3,168",62.99
#764,‚ù§Ô∏è Ro-meet: Talk to Strangers,"1,070","211,481,238","2,410,484","279,030","66,391",80.78
#765,Inside Out 2 Murder Mystery 2,"1,069","2,036,737","2,284",791,182,81.29
#766,Midnight Motel [HORROR],"1,068","20,447,326","109,021","61,440","5,917",91.22
#767,void fishing [UPD],"1,066","15,305,414","693,155","687,765","9,228",98.68
#768,Combat Initiation,"1,060","15,767,746","175,987","77,539","3,087",96.17
#769,Happy Family [HORROR] ,"1,060","14,107,312","256,099","22,056","5,294",80.64
#770,Imposters & Roles | Among Us,"1,059","74,345,280","59,899","23,993","3,997",85.72
#771,"Climb 1,000 Stairs","1,053","551,825,334","2,880,203","92,511","48,918",65.41
#772,[NEW UPDATE] Car Driving Ultimate,"1,052","31,789,267","36,940","6,902","1,542",81.74
#773,GOD TYCOON,"1,052","564,897,990","593,889","169,199","26,419",86.49
#774,Team Obby [UPD4],"1,051","35,231,057","4,715,139",882,"1,728",33.79
#775,Kaiju Universe [üê¢Typhorneüåã] ,"1,051","704,760,844","1,146,377","507,464","70,093",87.86
#776,PARKOUR,"1,046","393,666,533","2,025,923","709,347","224,715",75.94
#777,A tower that can't be broken,"1,045","232,851,452","84,755","28,440","30,212",48.49
#778,[üèñÔ∏èUPD!] Darky's Game,"1,043","2,819,405","371,063","1,168",203,85.19
#779,Jurassic Blocky,"1,043","10,716,959","42,588","19,060","3,613",84.06
#780,"[RV, Camping, Nitro]  Jupiter, Florida BETAüèéÔ∏è","1,040","24,492,223","100,801","48,782","8,100",85.76
#781,TEAM BORRY PRISON BREAKOUT!üëÆ [TEAMWORK OBBY],"1,039","63,457,045","14,267","1,341",573,70.06
#782,+1 Blocks Every Second,"1,039","81,175,727","82,937","83,481","5,966",93.33
#783,Sonic Showdown,"1,038","23,778,281","84,178","28,089","7,503",78.92
#784,[FURNITURE] [BUILD] üõ†Ô∏è CreativeVerse ‚ú®,"1,038","11,536,524","6,049","2,272",859,72.56
#785,Base Battles üî´ Gun Shooting,"1,037","260,318,486","766,522","385,869","71,594",84.35
#786,[üßë‚Äç‚öñIMPEACHMENT] Oath of Office: Political Sim,"1,037","1,211,571","21,441","5,373",917,85.42
#787,[NEW UPDATE!] PRISON BORRY ESCAPE! (OBBY!),"1,036","82,547,780","15,423","3,045","1,480",67.29
#788,Roller Skate Racing,"1,035","32,782,886","2,334,817","166,605","2,786",98.36
#789,Neighbors üîä [17+],"1,034","19,427,108","61,180","10,713","1,399",88.45
#790,Carros Rebaixados BR (Pre-Alpha),"1,033","81,298,331","64,810","9,473","1,357",87.47
#791,No Jumping Obby For Admin,"1,031","30,073,271","15,462","13,886","3,962",77.8
#792,Anime Power Tycoon,"1,031","141,869,284","201,727","167,307","9,247",94.76
#793,üí™üèª Lifting Simulator,"1,028","560,045,003","1,104,188","278,242","46,050",85.8
#794,üï∑Ô∏è Spider-Man Simulator,"1,027","607,718,884","6,563,985","142,000","119,330",54.34
#795,Zombie lab [üéâ100M visitsüéâ],"1,026","130,901,775","193,153","47,663","27,847",63.12
#796,[SEASON 7 ‚≠êSTAGE‚≠ê] üèÄHoop NationüèÄ,"1,023","28,574,743","35,406","19,411","11,206",63.4
#797,Scary Elevatorüò® [Survive the Killers!],"1,022","410,956,371","1,745,502","407,182","87,921",82.24
#798,Pet Tycoon üêæ,"1,020","51,534,608","2,282,475","54,134","4,197",92.8
#799,Decaying Winter,"1,019","39,642,000","190,230","78,263","6,672",92.14
#800,GARENA FREE FIRE MAXüèÜ,"1,018","7,305,309","566,345","2,445",439,84.78
#801,[AGATHA AND MOM] Realms Of the Multiverse,"1,018","1,358,526","14,145","3,390",692,83.05
#802,FREE ITEMS BARRY'S PRISON RUN!,"1,014","486,561",91,19,3,86.36
#803,Roblox Titanic,"1,014","299,954,865","1,158,320","252,673","53,468",82.53
#804,Mega Princess Tycoon,"1,012","112,307,777","4,765,457","8,451","4,096",67.35
#805,The Intruder,"1,011","344,085,103","1,040,857","202,825","24,230",89.33
#806,[üî•NEW TINT‚ùÑÔ∏è] Doodle World,"1,010","101,109,392","434,434","191,123","15,382",92.55
#807,Scream Stream [HORROR],"1,007","25,161,562","232,137","27,479","4,556",85.78
#808,Vacation ‚úàÔ∏è (Story),"1,006","365,645,967","598,275","90,320","22,985",79.71
#809,[UPD] RoTube Life!,"1,005","302,504,734","912,153","470,075","27,145",94.54
#810,Who's SUS?,"1,003","33,368,382","117,469","30,324","8,865",77.38
#811,5v5 MM2 Hotel 2,"1,002","75,405,204","79,561","19,249","7,036",73.23
#812,WPKüí•Winning Penalty Kick   ‚öΩSoccer‚öΩFootballüèÜCup,999,"27,315,846","58,438","14,786","2,734",84.39
#813,[NEW üòà] Taffy Tails üç¨,998,"15,672,287","643,105","32,873","3,861",89.49
#814,[PANTHER] META LOCK,998,"63,020,038","45,763","40,845","6,586",86.11
#815,LAVA Game üî•,997,"38,665,590","2,625,025","12,925","3,438",78.99
#816,[INFINITY CASTLE!] Ultimate Tower Defense,997,"954,157,640","525,468","416,552","31,203",93.03
#817,Iron Man: Reimagined Beta,993,"18,446,443","77,710","22,866","2,402",90.49
#818,[üî•Event]Pet ATK Simulator,991,"1,172,547","49,916","12,901",617,95.44
#819,Draw & Donate üé®,989,"25,743,108","977,193","23,560","3,398",87.4
#820,üå≥ Oaklands [UPD!],989,"21,650,768","231,766","67,500","8,974",88.27
#821,üçî SELL BURGERS TO PROVE MOM WRONG,989,"27,747,738","1,832,094","24,983","2,723",90.17
#822,[FIRE + ICE]! - WORLD DEFENDERS TD,987,"254,996,336","430,194","190,358","37,656",83.49
#823,Bow Battle Arena,983,"42,871,120","82,438","58,676","10,308",85.06
#824,Undertale Test Place Reborn,980,"105,553,813","345,546","122,698","24,715",83.23
#825,[Quests] Slime Slaying Online RPG,978,"5,714,424","242,090","37,463","2,489",93.77
#826,Swordmaster Simulator [TRIALS],977,"6,883,721","21,271","16,041","1,270",92.66
#827,Kitty All Maps,976,"1,415,282,609","2,001,260","410,821","66,572",86.06
#828,RODOGRAU SP ,976,"160,007,882","184,266","43,886","6,815",86.56
#829,Minion Tycoon,972,"4,558,094","21,904","12,780",633,95.28
#830,Survive Flight 871 [EVENT UPDATE],972,"23,691,469","114,521","8,743","5,274",62.37
#831,Avatar Simulator [Outfit Ideas],970,"94,615,848","45,739","5,887","2,306",71.85
#832,Evade But Epic! [üé∏Emotes] ,969,"8,534,463","5,901","1,627",606,72.86
#833,[BELUGA XL] RC Park,967,"31,375,542","85,105","29,100","3,519",89.21
#834,Frogge,964,"387,359,824","967,306","135,053","20,330",86.92
#835,Easy Fun Obby,964,"159,854,069","7,932,315","10,850","4,266",71.78
#836,Find The Simpsons [263],963,"109,575,986","174,833","65,109","4,885",93.02
#837,[FRI 13TH] THE HOUSE TD,963,"190,944,855","144,993","100,680","8,143",92.52
#838,[2X XP] Brasil 244üî•,962,"6,745,967","6,444","2,200",436,83.46
#839,Tank Simulator [BETA],961,"7,843,047","809,799","5,128",931,84.63
#840,FREE ADMIN LAND,960,"36,290,987","2,844,799","8,471","5,958",58.71
#841,The Sewers,960,"11,897,167","70,552","15,719","5,546",73.92
#842,5v5 MM2 Milbase,960,"128,527,795","128,708","38,751","15,159",71.88
#843,Don't Poop Yourself at School! (Obby),955,"40,523,740","3,740,966","21,550","9,776",68.79
#844,The Ride,954,"29,304,446","90,765","58,411","4,080",93.47
#845,ESCAPE EVIL GRANDMA! (FIRST PERSON OBBY),953,"140,914,790","4,905,800","6,569","5,405",54.86
#846,BEAR (Alpha),952,"298,924,116","1,057,072","266,222","33,073",88.95
#847,[HUGE UPDATEüî•] Bikelife Miami 2,951,"24,349,145","434,969","24,768","3,888",86.43
#848,Hospital Tycoon üò∑,950,"326,823,938","2,093,110","555,236","38,860",93.46
#849,SCP El Gran Maja,948,"12,439,572","6,647","1,492","1,414",51.34
#850,[üòÉNEW] Toilet Teamwork Morphs (Obby),946,"31,930,124","11,798","5,525","1,370",80.13
#851,NO JUMPING OBBY,945,"25,828,904","3,159,910","59,792","8,814",87.15
#852,Treasure Hunt Simulator,945,"670,350,881","3,421,030","947,925","96,579",90.75
#853,All of Us Are Dead,943,"209,087,669","138,974","43,595","14,109",75.55
#854,üéÄ Pulse RP ||  Rebound üéÄ,943,"146,026,921","400,224","90,249","15,517",85.33
#855,[NEW!] CATNAP PRISON RUN! (OBBY),940,"22,952,857","5,373,990",842,840,50.06
#856,Get Fat And Roll Race,939,"42,736,482","77,726","50,821","5,627",90.03
#857,A Silent Town,938,"5,248,917","52,534","9,836","4,985",66.37
#858,Toll Bridge Simulator üöòüè¢,937,"10,112,832","81,296","21,236","5,852",78.4
#859,[‚ú®DOORS]üöóMidnight Chasers: Car Racing,936,"19,974,456","114,831","48,739","5,008",90.68
#860,ü•© Escape The Butcher Shop Obby! (NEW READ DESC),936,"309,527,527","190,458","33,683","42,277",44.34
#861,Super Golf!,934,"204,532,047","797,197","273,657","70,700",79.47
#862,[UPD] Pacific Gymnastics ü§∏ RP,934,"36,339,858","2,560,014","16,875","2,625",86.54
#863,[Sound]Slayer Battlegrounds,934,"33,822,080","135,508","191,315","12,456",93.89
#864,IMPOSSIBLE Obby to Heaven üòá,933,"21,144,143","2,360,421","34,381","10,475",76.65
#865,Haunted House Team Escape (Haunted Teamwork Obby),932,"6,516,074","1,038,647","1,627",910,64.13
#866,Twisted [BETA],931,"33,640,056","262,191","72,014","10,320",87.47
#867,Bike Race,929,"5,162,489","333,590","29,359",610,97.96
#868,Climb Race Simulator,925,"15,770,824","40,969","141,838","2,010",98.6
#869,DRIVE,922,"9,445,448","182,586","58,796","3,092",95
#870,Airsoft FE,922,"16,038,385","61,506","98,212","8,042",92.43
#871,Easy Glass Bridge (Possible Squid Game),922,"143,767,337","73,029","19,251","13,510",58.76
#872, POLICE GIRL PRISON RUN! (Obby),921,"220,009,245","64,114","11,125","14,310",43.74
#873,Alternate Battlegrounds,920,"170,861,632","438,693","132,928","37,781",77.87
#874,Eat Same Color Food Challenge,920,"60,416,841","3,867,604","12,246","2,461",83.27
#875,Backpacking ‚õ∫üêª,919,"277,770,794","1,216,198","284,199","37,629",88.31
#876,Murder Drones: Reassembled  [RP] BETA ,918,"10,701,143","62,872","18,076",977,94.87
#877,Desert Bus,917,"10,248,994","85,041","23,281","2,200",91.37
#878,Just a Rope Bridge,917,"183,041,100","198,612","34,439","24,742",58.19
#879,üêüUltimate Fishing Simulator,916,"30,571,416","56,875","30,601","4,894",86.21
#880,[üçÅPART 2!] Rebirth Champions X,914,"131,142,846","335,385","252,831","11,614",95.61
#881,Ant War üêú [üçØ HONEYPOT ANT & LOOTING],913,"23,451,364","385,299","19,575","2,947",86.92
#882,Pick a Slide [Backrooms],913,"112,759,287","3,193,471","17,998","13,708",56.77
#883,Kill Streak ,910,"10,905,917","454,478","22,815","8,419",73.05
#884,[NEW] üß† Telepathy!,907,"5,276,018","24,955","2,761",974,73.92
#885,Pilgrammed,907,"37,436,480","173,361","87,571","9,002",90.68
#886,Blackhawk Rescue Mission 5,906,"306,132,346","1,174,489","449,558","45,689",90.77
#887,Find the Bobasü•§ [268],906,"17,848,010","32,426","12,168","1,504",89
#888,Write a Letter ‚òï,904,"81,814,879","411,177","105,890","11,610",90.12
#889,[üì±MOBILE BUTTONS] Weaponry [BETA],902,"109,206,780","438,767","151,750","40,032",79.13
#890,Where's the Baby! ,902,"328,106,527","1,556,176","330,622","84,311",79.68
#891,Halloween Obby!,899,"3,320,683","687,974",665,186,78.14
#892,Hero Power Tycoon,898,"59,950,039","51,001","44,127","2,535",94.57
#893, üèÄ Basketball RNG üèÄ,896,"3,535,727","16,452","48,460",783,98.41
#894,[‚öîÔ∏èUPDATE 7.5 + CID LAST DAY EVENTS] Ijul Piece 2,893,"4,927,838","9,179","8,075","1,353",85.65
#895,[KIRA + DR DOOM] Project Baki 3,893,"61,790,357","173,665","74,272","18,369",80.17
#896,Mini Empires,893,"15,723,117","81,571","25,887","7,351",77.88
#897,The Rake REMASTERED,892,"153,857,000","1,473,201","500,470","38,922",92.78
#898,Draw Obby [NEW],891,"126,294,250","99,674","20,266","12,384",62.07
#899,Alpine Slide to Telamon!,890,"282,258,536","2,511,709","176,590","54,145",76.53
#900,Guess The Celebrity ü§î,890,"14,097,424","7,355","5,061","2,336",68.42
#901,The Battle Bricks,889,"12,446,461","81,407","28,085","6,173",81.98
#902,just daytona. (9 NEW CARS),887,"43,650,024","107,758","31,361","5,245",85.67
#903,Lumberjack Simulator,886,"33,337,201","132,836","641,499","14,459",97.8
#904,Sonic.EXE: The disaster,885,"90,455,596","178,413","68,977","9,623",87.76
#905,Breaking Point,884,"1,329,210,508","4,976,916","1,824,246","423,521",81.16
#906,UPDATE! School Bus Simulator 24,883,"29,927,171","74,482","20,467","4,848",80.85
#907,Strong Simulator üí™,881,"14,172,241","1,922,717","8,403",494,94.45
#908,NEW BIKES!üèçÔ∏è Motorcycle Mayhem,880,"71,895,879","217,063","131,005","9,866",93
#909,‚ù§Ô∏è Boys and Girls Hangout Club RP! ‚ù§Ô∏è,880,"60,269,947","1,928,853","19,241","16,132",54.39
#910,[ULTRON EVENT] Heroes: Online World,878,"42,263,682","51,558","35,522","8,661",80.4
#911,SharkBite Classic ü¶à,878,"1,571,560,131","5,027,198","1,576,834","183,242",89.59
#912,Merge Toy,878,"564,570","2,594","1,159",577,66.76
#913,HCBB 9v9 2.0,876,"31,662,072","65,074","23,659","5,345",81.57
#914,[NEW ZONE!] SpongeBob Simulator,875,"59,029,298","968,159","81,638","16,249",83.4
#915,üéÜColor Escape! [LIGHT FESTIVAL!],874,"119,950,601","162,961","46,329","13,824",77.02
#916,Better Meme?,874,"9,179,242","946,217","65,714","2,865",95.82
#917,Survival Odyssey,873,"8,829,811","38,634","16,904","3,235",83.94
#918,[üí•NEW MAP] Special Forces Simulator,873,"76,989,032","414,730","239,524","20,632",92.07
#919,Cart Ride Into Spider-Man Spiderman,872,"34,424,045","2,758,079","3,282","2,006",62.07
#920,Figure's Library,871,"4,731,975","5,640","2,644","1,593",62.4
#921,Elemental Dungeons,871,"176,685,306","321,289","201,097","10,693",94.95
#922,Sal√≥n Peruano [CHAT DE VOZ],871,"503,282","4,544","1,045",123,89.47
#923,Th√†nh ph·ªë Vina üè† RP üáªüá≥ Vi·ªát Nam,870,"1,535,686","180,795","4,912",242,95.3
#924,‚öîÔ∏è Boys VS Girls Capture Flag!,865,"39,505,428","539,907","9,709","2,504",79.5
#925,BE A BALL,864,"80,966,717","145,795","37,690","4,832",88.64
#926,Push Up Battles,864,"30,660,763","80,561","211,536","3,974",98.16
#927,Parkour Run!,863,"421,303,583","565,500","101,456","29,351",77.56
#928,Breaking Point 2,863,"117,700,118","264,957","109,311","43,287",71.63
#929,Emotions Obby,863,"16,689,584","1,886,503",975,546,64.1
#930,Knock the Blocks,863,"8,547,980","11,143","3,254","2,946",52.48
#931,‚öΩturn pro proving messi and ronaldo wrong,862,"13,233,261","1,296,077","36,960","1,934",95.03
#932,FORTLINEüî•,862,"52,920,626","42,246","26,436","4,820",84.58
#933,Street Life Console Support üéÆ,861,"18,519,399","717,723","32,512","6,622",83.08
#934,Morph World!,858,"48,270,228","44,862","26,340","4,142",86.41
#935,[üõ†Ô∏è FIXED] Sanic Chase üèÉ,855,"100,728,540","230,410","56,071","10,890",83.74
#936,üçÇAutumnüçÇRealistic Car Driving‚Ñ¢,855,"80,607,204","1,803,489","188,797","22,436",89.38
#937,DARKDIVERS 0.49,855,"21,491,428","126,078","151,590","5,993",96.2
#938,Coded Clothing Mall V4 üõçÔ∏è,854,"389,055,528","639,357","74,351","10,118",88.02
#939,Find the Keys,853,"52,399,758","57,419","6,264","1,383",81.91
#940,[ü•∂] Chillys MM2,852,"3,813,908","4,381","3,060",445,87.3
#941,Princess Tycoon,852,"584,149,678","510,695","81,814","29,958",73.2
#942,üìé Sell paperclips to RULE THE WORLD! üåé‚ú®,850,"7,851,655","316,954","86,813","2,912",96.75
#943,[üî• FREE FRUIT + Leopard üêÜ] Fruit Seas,849,"47,096,399","94,724","100,968","9,054",91.77
#944,Elevator of Fun [NEW!],847,"8,286,340","564,991","5,075","1,896",72.8
#945,[UPDATE] Daybreak ,847,"27,159,881","240,064","50,129","7,428",87.09
#946,Escape Miss Ani-Tron's Detention! (SCARY OBBY),846,"313,437,776","352,827","67,005","26,469",71.68
#947,PANIK,845,"245,004,444","513,323","120,764","21,878",84.66
#948,I Wanna Test The Game (Beta Test),838,"84,160,534","221,844","112,888","183,326",38.11
#949,Battlemon RNG,838,"1,807,278","15,238","25,045","1,804",93.28
#950,PolySonic RP,835,"86,831,738","165,463","39,559","4,433",89.92
#951,Sinking Ship Simulator,832,"25,804,823","1,190,524","21,674","6,927",75.78
#952,Be A Parkour Ninja,830,"727,986,695","3,431,060","682,725","91,524",88.18
#953,TEDDY üß∏ [MODDED],829,"9,027,989","4,360","1,017",299,77.28
#954,[üî•FIRE BREATHING ABILITY+ S DUNGEONüî•] RE: XL,829,"7,583,516","26,489","35,400","4,069",89.69
#955,[2xüí∞] Marble Run Tycoon 2,829,"7,144,353","44,158","45,951","1,801",96.23
#956,Driving Legends üèéÔ∏è Car Racing,828,"7,083,858","12,610","6,619",757,89.74
#957,SCP: Site Roleplay,826,"64,781,222","216,654","89,975","13,371",87.06
#958,Elimination Tower,824,"239,696,852","708,673","132,967","59,529",69.08
#959,Granny,822,"500,911,423","1,148,259","107,360","17,568",85.94
#960,DANCE MAMAS RP || ADC DANCE STUDIO,822,"10,322,595","8,061","3,886",393,90.82
#961,Down Tower,821,"24,449,953","10,086","2,262","1,986",53.25
#962,[UPD] Backrooms Infection,820,"18,507,984","40,173","3,038","3,901",43.78
#963,Ultimate Driving,819,"437,385,236","1,849,514","771,689","90,152",89.54
#964,[2Xüí∞] FLASHPOINT: Worlds Collide [BETA],819,"12,115,584","267,437","23,626","1,399",94.41
#965,Be a Tornado,819,"25,561,945","943,429","89,595","8,673",91.17
#966,üçÅ The Mad Murderer X,819,"45,262,362","87,726","33,320","7,874",80.89
#967,Clone Engine,818,"8,655,000","1,483,072","6,914",647,91.44
#968,Snakey üêç,818,"94,398,461","92,270","15,279","6,222",71.06
#969,‚ù§Ô∏è Vibe Place ‚ù§Ô∏è,815,"154,107,093","273,807","80,007","20,687",79.46
#970,Tax Fraud Tycoon,814,"2,947,012","53,756","33,475","2,452",93.18
#971,üç≠Lick Simulator,814,"11,910,108","373,698","44,697","1,455",96.85
#972,The Robloxia: Until Dawn Remake,812,"3,865,480","38,285","10,324","2,082",83.22
#973,Seas Battlegrounds,812,"55,571,921","193,901","75,183","25,685",74.54
#974,Escape School Obby! (NEW),811,"287,336,892","185,686","35,712","13,337",72.81
#975,Inside Out 2 Obby! [UPDATE],809,"32,835,397","6,069,098","5,602","5,500",50.46
#976,Wormface!,808,"343,674,736","622,961","127,612","63,051",66.93
#977,[üéÇEVENT] Smoothie Factory Tycoon,808,"35,463,300","243,113","69,254","8,560",89
#978,Noob Train,807,"404,630,571","1,429,846","213,640","26,005",89.15
#979,Guess The Logo Quiz,807,"6,203,414","862,959","1,467",585,71.49
#980,Airsoft Battles,806,"8,268,765","151,635","10,505","3,215",76.57
#981,Paperface üî™ Who's the Killer? [Beta],806,"5,621,305","10,601","1,351",626,68.34
#982,üå∫Mermaid Lagoonüå∫,805,"69,232,828","124,594","25,006","5,629",81.63
#983,Easy Squid Game! Possible Glass Bridge!,802,"3,084,900","501,245",782,151,83.82
#984,(‚àÜLICE & BALDI) FPE: RANDOM PAPERS SKETCH RP,802,"5,863,873","25,902","6,137",527,92.09
#985,Escape The Impossible Maze For Admin!,800,"14,066,693","2,608",680,480,58.62
#986,Escape The Dentist Obby! (NEW!),800,"455,720,016","516,248","93,206","99,021",48.49
#987,Don't Press The Button,799,"635,155,629","1,090,998","212,919","54,496",79.62
#988,üèà Field Goal Simulator,799,"42,766,160","347,452","36,717","6,150",85.65
#989,Bubble Gum Remixed! [100K!ü•≥] ,796,"175,245",545,403,35,92.01
#990,"Brazilian Army ""EB""",794,"28,729,320","49,596","39,841","9,924",80.06
#991,[UPDATE!] Drag Project Future,792,"10,162,465","12,375","9,968",863,92.03
#992,[UPDATE] Iron Man: Legacy,792,"22,198,239","33,013","7,523","2,222",77.2
#993,PPV2.0,792,"50,933,329","13,931","1,853","1,536",54.68
#994,EVENTüíéGriffin's Destiny ‚ú®RP Fantasy,791,"63,729,555","381,386","106,047","7,468",93.42
#995,dingus,790,"59,634,608","393,902","118,207","14,970",88.76
#996,Buddy Buddy,790,"62,346,374","220,845","26,812","6,466",80.57
#997,Mega Princess Tycoon üë∏üëë,789,"10,948,974","1,959,131",408,246,62.39
#998,GODS WILL,789,"149,966,354","503,256","162,912","47,112",77.57
#999,Daycare üéà (Story),788,"461,070,610","979,346","153,245","24,285",86.32
#1000,Pressure Wash Simulator 2,788,"53,635,174","158,398","271,636","13,437",95.29
